code,run,category,trial,valence,arousal
2711a,R1,NEU,NEU24,6,1
2711a,R1,CON,NEU5,7,2
2711a,R1,CON,NEU3,4,6
2711a,R1,NEU,NEU6,6,0
2711a,R1,CON,NEU2,7,2
2711a,R1,NEU,NEU12,7,4
2711a,R1,NEU,NEU30,6,4
2711a,R1,CON,NEU22,none,none
2711a,R2,CON,NEU16,7,6
2711a,R2,NEU,NEU14,6,4
2711a,R2,NEU,NEU15,3,6
2711a,R2,CON,NEU26,none,6
2711a,R2,CON,NEU25,6,1
2711a,R2,NEU,NEU29,2,7
2711a,R2,CON,NEU4,none,0
2711a,R2,NEU,NEU21,4,4
2711a,R3,CON,NEU17,2,7
2711a,R3,NEU,NEU1,4,1
2711a,R3,CON,NEU27,none,0
2711a,R3,CON,NEU10,6,0
2711a,R3,NEU,NEU11,6,1
2711a,R3,CON,NEU18,9,6
2711a,R3,NEU,NEU23,4,1
2711a,R3,NEU,NEU9,6,1
2711b,R1,NEU,NEU24,6,2
2711b,R1,CON,NEU5,6,6
2711b,R1,CON,NEU3,6,3
2711b,R1,NEU,NEU6,4,none
2711b,R1,CON,NEU2,6,3
2711b,R1,NEU,NEU12,none,2
2711b,R1,NEU,NEU30,none,3
2711b,R1,CON,NEU22,6,6
2711b,R2,CON,NEU16,none,4
2711b,R2,NEU,NEU14,7,none
2711b,R2,NEU,NEU15,none,2
2711b,R2,CON,NEU26,6,4
2711b,R2,CON,NEU25,none,1
2711b,R2,NEU,NEU29,6,6
2711b,R2,CON,NEU4,none,2
2711b,R2,NEU,NEU21,none,3
2711b,R3,CON,NEU17,7,6
2711b,R3,NEU,NEU1,6,none
2711b,R3,CON,NEU27,none,1
2711b,R3,CON,NEU10,6,6
2711b,R3,NEU,NEU11,none,3
2711b,R3,CON,NEU18,4,6
2711b,R3,NEU,NEU23,none,none
2711b,R3,NEU,NEU9,none,2
2711c,R1,NEU,NEU24,8,4
2711c,R1,CON,NEU5,5,3
2711c,R1,CON,NEU3,9,4
2711c,R1,NEU,NEU6,5,4
2711c,R1,CON,NEU2,7,4
2711c,R1,NEU,NEU12,5,3
2711c,R1,NEU,NEU30,8,6
2711c,R1,CON,NEU22,none,0
2711c,R2,CON,NEU16,8,2
2711c,R2,NEU,NEU14,9,4
2711c,R2,NEU,NEU15,6,3
2711c,R2,CON,NEU26,6,6
2711c,R2,CON,NEU25,none,0
2711c,R2,NEU,NEU29,6,1
2711c,R2,CON,NEU4,6,0
2711c,R2,NEU,NEU21,7,4
2711c,R3,CON,NEU17,8,4
2711c,R3,NEU,NEU1,7,3
2711c,R3,CON,NEU27,6,2
2711c,R3,CON,NEU10,7,none
2711c,R3,NEU,NEU11,4,7
2711c,R3,CON,NEU18,7,3
2711c,R3,NEU,NEU23,3,none
2711c,R3,NEU,NEU9,none,4
2711d,R1,NEU,NEU24,7,4
2711d,R1,CON,NEU5,7,6
2711d,R1,CON,NEU3,4,6
2711d,R1,NEU,NEU6,4,4
2711d,R1,CON,NEU2,3,6
2711d,R1,NEU,NEU12,3,6
2711d,R1,NEU,NEU30,6,6
2711d,R1,CON,NEU22,4,6
2711d,R2,CON,NEU16,6,6
2711d,R2,NEU,NEU14,8,6
2711d,R2,NEU,NEU15,2,7
2711d,R2,CON,NEU26,3,6
2711d,R2,CON,NEU25,4,6
2711d,R2,NEU,NEU29,7,6
2711d,R2,CON,NEU4,3,6
2711d,R2,NEU,NEU21,6,7
2711d,R3,CON,NEU17,7,6
2711d,R3,NEU,NEU1,7,6
2711d,R3,CON,NEU27,2,7
2711d,R3,CON,NEU10,3,7
2711d,R3,NEU,NEU11,3,7
2711d,R3,CON,NEU18,4,6
2711d,R3,NEU,NEU23,9,7
2711d,R3,NEU,NEU9,2,7
2711f,R1,NEU,NEU24,4,0
2711f,R1,CON,NEU5,6,1
2711f,R1,CON,NEU3,8,1
2711f,R1,NEU,NEU6,4,1
2711f,R1,CON,NEU2,none,0
2711f,R1,NEU,NEU12,8,2
2711f,R1,NEU,NEU30,none,0
2711f,R1,CON,NEU22,none,0
2711f,R2,CON,NEU16,7,1
2711f,R2,NEU,NEU14,8,0
2711f,R2,NEU,NEU15,4,0
2711f,R2,CON,NEU26,4,1
2711f,R2,CON,NEU25,none,0
2711f,R2,NEU,NEU29,6,0
2711f,R2,CON,NEU4,none,0
2711f,R2,NEU,NEU21,none,0
2711f,R3,CON,NEU17,7,3
2711f,R3,NEU,NEU1,6,1
2711f,R3,CON,NEU27,7,1
2711f,R3,CON,NEU10,9,0
2711f,R3,NEU,NEU11,none,1
2711f,R3,CON,NEU18,8,1
2711f,R3,NEU,NEU23,8,0
2711f,R3,NEU,NEU9,7,0
2711g,R1,NEU,NEU24,7,6
2711g,R1,CON,NEU5,4,8
2711g,R1,CON,NEU3,8,7
2711g,R1,NEU,NEU6,8,8
2711g,R1,CON,NEU2,7,6
2711g,R1,NEU,NEU12,10,8
2711g,R1,NEU,NEU30,9,9
2711g,R1,CON,NEU22,3,8
2711g,R2,CON,NEU16,9,9
2711g,R2,NEU,NEU14,10,9
2711g,R2,NEU,NEU15,2,8
2711g,R2,CON,NEU26,8,6
2711g,R2,CON,NEU25,8,9
2711g,R2,NEU,NEU29,6,2
2711g,R2,CON,NEU4,7,0
2711g,R2,NEU,NEU21,3,7
2711g,R3,CON,NEU17,7,4
2711g,R3,NEU,NEU1,3,9
2711g,R3,CON,NEU27,1,8
2711g,R3,CON,NEU10,6,2
2711g,R3,NEU,NEU11,1,9
2711g,R3,CON,NEU18,8,9
2711g,R3,NEU,NEU23,1,9
2711g,R3,NEU,NEU9,6,3
2711h,R1,NEU,NEU24,6,4
2711h,R1,CON,NEU5,6,none
2711h,R1,CON,NEU3,6,none
2711h,R1,NEU,NEU6,6,none
2711h,R1,CON,NEU2,6,none
2711h,R1,NEU,NEU12,7,none
2711h,R1,NEU,NEU30,none,none
2711h,R1,CON,NEU22,4,none
2711h,R2,CON,NEU16,6,2
2711h,R2,NEU,NEU14,6,0
2711h,R2,NEU,NEU15,7,1
2711h,R2,CON,NEU26,8,3
2711h,R2,CON,NEU25,6,0
2711h,R2,NEU,NEU29,6,1
2711h,R2,CON,NEU4,6,0
2711h,R2,NEU,NEU21,6,1
2711h,R3,CON,NEU17,none,0
2711h,R3,NEU,NEU1,none,0
2711h,R3,CON,NEU27,none,0
2711h,R3,CON,NEU10,4,1
2711h,R3,NEU,NEU11,none,0
2711h,R3,CON,NEU18,none,1
2711h,R3,NEU,NEU23,none,0
2711h,R3,NEU,NEU9,none,1
2711i,R1,NEU,NEU24,none,3
2711i,R1,CON,NEU5,9,6
2711i,R1,CON,NEU3,7,6
2711i,R1,NEU,NEU6,10,8
2711i,R1,CON,NEU2,9,8
2711i,R1,NEU,NEU12,10,8
2711i,R1,NEU,NEU30,4,8
2711i,R1,CON,NEU22,none,7
2711i,R2,CON,NEU16,7,7
2711i,R2,NEU,NEU14,10,7
2711i,R2,NEU,NEU15,4,8
2711i,R2,CON,NEU26,10,8
2711i,R2,CON,NEU25,none,8
2711i,R2,NEU,NEU29,8,8
2711i,R2,CON,NEU4,6,8
2711i,R2,NEU,NEU21,none,8
2711i,R3,CON,NEU17,7,7
2711i,R3,NEU,NEU1,7,8
2711i,R3,CON,NEU27,none,7
2711i,R3,CON,NEU10,6,7
2711i,R3,NEU,NEU11,8,7
2711i,R3,CON,NEU18,10,7
2711i,R3,NEU,NEU23,4,7
2711i,R3,NEU,NEU9,4,7
2811c,R1,ANG,ANG21,2,6
2811c,R1,CON,NEU5,6,1
2811c,R1,CON,NEU3,1,7
2811c,R1,ANG,ANG12,none,1
2811c,R1,CON,NEU2,8,8
2811c,R1,ANG,ANG3,1,7
2811c,R1,ANG,ANG20,0,8
2811c,R1,CON,NEU22,4,6
2811c,R2,CON,NEU16,7,7
2811c,R2,ANG,ANG8,0,8
2811c,R2,ANG,ANG30,2,7
2811c,R2,CON,NEU26,6,2
2811c,R2,CON,NEU25,7,6
2811c,R2,ANG,ANG9,2,8
2811c,R2,CON,NEU4,none,0
2811c,R2,ANG,ANG6,0,8
2811c,R3,CON,NEU17,6,6
2811c,R3,ANG,ANG25,0,7
2811c,R3,CON,NEU27,6,1
2811c,R3,CON,NEU10,6,4
2811c,R3,ANG,ANG7,0,8
2811c,R3,CON,NEU18,7,6
2811c,R3,ANG,ANG1,2,7
2811c,R3,ANG,ANG17,3,3
2811d,R1,ANG,ANG21,3,5
2811d,R1,CON,NEU5,8,6
2811d,R1,CON,NEU3,7,6
2811d,R1,ANG,ANG12,3,5
2811d,R1,CON,NEU2,7,3
2811d,R1,ANG,ANG3,2,6
2811d,R1,ANG,ANG20,2,6
2811d,R1,CON,NEU22,none,4
2811d,R2,CON,NEU16,6,4
2811d,R2,ANG,ANG8,0,6
2811d,R2,ANG,ANG30,2,7
2811d,R2,CON,NEU26,8,6
2811d,R2,CON,NEU25,none,none
2811d,R2,ANG,ANG9,3,6
2811d,R2,CON,NEU4,none,none
2811d,R2,ANG,ANG6,3,none
2811d,R3,CON,NEU17,6,5
2811d,R3,ANG,ANG25,1,7
2811d,R3,CON,NEU27,6,none
2811d,R3,CON,NEU10,none,none
2811d,R3,ANG,ANG7,3,none
2811d,R3,CON,NEU18,6,3
2811d,R3,ANG,ANG1,2,7
2811d,R3,ANG,ANG17,3,6
2811e,R1,ANG,ANG21,1,8
2811e,R1,CON,NEU5,none,1
2811e,R1,CON,NEU3,7,4
2811e,R1,ANG,ANG12,3,5
2811e,R1,CON,NEU2,6,0
2811e,R1,ANG,ANG3,0,8
2811e,R1,ANG,ANG20,1,8
2811e,R1,CON,NEU22,7,2
2811e,R2,CON,NEU16,8,4
2811e,R2,ANG,ANG8,2,none
2811e,R2,ANG,ANG30,0,10
2811e,R2,CON,NEU26,none,2
2811e,R2,CON,NEU25,6,3
2811e,R2,ANG,ANG9,0,5
2811e,R2,CON,NEU4,none,1
2811e,R2,ANG,ANG6,1,6
2811e,R3,CON,NEU17,8,4
2811e,R3,ANG,ANG25,0,9
2811e,R3,CON,NEU27,none,1
2811e,R3,CON,NEU10,6,2
2811e,R3,ANG,ANG7,0,7
2811e,R3,CON,NEU18,8,6
2811e,R3,ANG,ANG1,1,9
2811e,R3,ANG,ANG17,none,4
2811f,R1,ANG,ANG21,7,4
2811f,R1,CON,NEU5,9,7
2811f,R1,CON,NEU3,9,8
2811f,R1,ANG,ANG12,3,6
2811f,R1,CON,NEU2,10,9
2811f,R1,ANG,ANG3,4,6
2811f,R1,ANG,ANG20,8,8
2811f,R1,CON,NEU22,6,4
2811f,R2,CON,NEU16,10,8
2811f,R2,ANG,ANG8,3,2
2811f,R2,ANG,ANG30,3,4
2811f,R2,CON,NEU26,7,8
2811f,R2,CON,NEU25,7,7
2811f,R2,ANG,ANG9,9,10
2811f,R2,CON,NEU4,6,4
2811f,R2,ANG,ANG6,7,6
2811f,R3,CON,NEU17,3,3
2811f,R3,ANG,ANG25,1,9
2811f,R3,CON,NEU27,2,8
2811f,R3,CON,NEU10,8,3
2811f,R3,ANG,ANG7,7,4
2811f,R3,CON,NEU18,8,7
2811f,R3,ANG,ANG1,6,9
2811f,R3,ANG,ANG17,2,6
2811g,R1,ANG,ANG21,1,8
2811g,R1,CON,NEU5,9,3
2811g,R1,CON,NEU3,9,7
2811g,R1,ANG,ANG12,2,7
2811g,R1,CON,NEU2,10,6
2811g,R1,ANG,ANG3,0,10
2811g,R1,ANG,ANG20,1,8
2811g,R1,CON,NEU22,5,0
2811g,R2,CON,NEU16,10,6
2811g,R2,ANG,ANG8,5,1
2811g,R2,ANG,ANG30,4,7
2811g,R2,CON,NEU26,5,2
2811g,R2,CON,NEU25,6,7
2811g,R2,ANG,ANG9,2,8
2811g,R2,CON,NEU4,5,0
2811g,R2,ANG,ANG6,0,9
2811g,R3,CON,NEU17,9,7
2811g,R3,ANG,ANG25,0,9
2811g,R3,CON,NEU27,5,0
2811g,R3,CON,NEU10,6,3
2811g,R3,ANG,ANG7,0,10
2811g,R3,CON,NEU18,9,7
2811g,R3,ANG,ANG1,2,7
2811g,R3,ANG,ANG17,6,2
2911e,R1,HOP,HOP22,7,4
2911e,R1,CON,NEU5,8,7
2911e,R1,CON,NEU3,6,3
2911e,R1,HOP,HOP19,5,6
2911e,R1,CON,NEU2,6,6
2911e,R1,HOP,HOP7,7,6
2911e,R1,HOP,HOP15,8,3
2911e,R1,CON,NEU22,7,1
2911e,R2,CON,NEU16,8,7
2911e,R2,HOP,HOP23,9,4
2911e,R2,HOP,HOP13,8,7
2911e,R2,CON,NEU26,9,8
2911e,R2,CON,NEU25,6,3
2911e,R2,HOP,HOP5,9,7
2911e,R2,CON,NEU4,6,1
2911e,R2,HOP,HOP26,9,8
2911e,R3,CON,NEU17,6,6
2911e,R3,HOP,HOP17,7,8
2911e,R3,CON,NEU27,7,6
2911e,R3,CON,NEU10,7,2
2911e,R3,HOP,HOP16,6,4
2911e,R3,CON,NEU18,7,6
2911e,R3,HOP,HOP11,8,6
2911e,R3,HOP,HOP27,7,7
2911f,R1,HOP,HOP22,8,2
2911f,R1,CON,NEU5,6,2
2911f,R1,CON,NEU3,6,2
2911f,R1,HOP,HOP19,8,none
2911f,R1,CON,NEU2,6,3
2911f,R1,HOP,HOP7,9,6
2911f,R1,HOP,HOP15,8,6
2911f,R1,CON,NEU22,8,4
2911f,R2,CON,NEU16,7,3
2911f,R2,HOP,HOP23,8,7
2911f,R2,HOP,HOP13,7,4
2911f,R2,CON,NEU26,6,2
2911f,R2,CON,NEU25,6,1
2911f,R2,HOP,HOP5,9,7
2911f,R2,CON,NEU4,none,1
2911f,R2,HOP,HOP26,8,6
2911f,R3,CON,NEU17,6,1
2911f,R3,HOP,HOP17,10,7
2911f,R3,CON,NEU27,4,1
2911f,R3,CON,NEU10,6,2
2911f,R3,HOP,HOP16,10,6
2911f,R3,CON,NEU18,8,7
2911f,R3,HOP,HOP11,8,2
2911f,R3,HOP,HOP27,10,8
2911g,R1,HOP,HOP22,8,6
2911g,R1,CON,NEU5,none,3
2911g,R1,CON,NEU3,9,6
2911g,R1,HOP,HOP19,6,4
2911g,R1,CON,NEU2,none,3
2911g,R1,HOP,HOP7,7,6
2911g,R1,HOP,HOP15,7,6
2911g,R1,CON,NEU22,none,3
2911g,R2,CON,NEU16,7,none
2911g,R2,HOP,HOP23,10,8
2911g,R2,HOP,HOP13,7,6
2911g,R2,CON,NEU26,7,6
2911g,R2,CON,NEU25,none,3
2911g,R2,HOP,HOP5,8,7
2911g,R2,CON,NEU4,none,1
2911g,R2,HOP,HOP26,10,9
2911g,R3,CON,NEU17,8,none
2911g,R3,HOP,HOP17,9,6
2911g,R3,CON,NEU27,6,none
2911g,R3,CON,NEU10,8,6
2911g,R3,HOP,HOP16,9,6
2911g,R3,CON,NEU18,7,6
2911g,R3,HOP,HOP11,6,none
2911g,R3,HOP,HOP27,10,10
2911h,R1,HOP,HOP22,8,7
2911h,R1,CON,NEU5,8,8
2911h,R1,CON,NEU3,9,6
2911h,R1,HOP,HOP19,9,7
2911h,R1,CON,NEU2,7,7
2911h,R1,HOP,HOP7,4,4
2911h,R1,HOP,HOP15,8,6
2911h,R1,CON,NEU22,3,4
2911h,R2,CON,NEU16,4,4
2911h,R2,HOP,HOP23,8,7
2911h,R2,HOP,HOP13,7,6
2911h,R2,CON,NEU26,6,6
2911h,R2,CON,NEU25,3,4
2911h,R2,HOP,HOP5,7,6
2911h,R2,CON,NEU4,3,3
2911h,R2,HOP,HOP26,7,6
2911h,R3,CON,NEU17,4,3
2911h,R3,HOP,HOP17,9,7
2911h,R3,CON,NEU27,4,3
2911h,R3,CON,NEU10,6,6
2911h,R3,HOP,HOP16,6,6
2911h,R3,CON,NEU18,8,7
2911h,R3,HOP,HOP11,6,4
2911h,R3,HOP,HOP27,9,7
2911i,R1,HOP,HOP22,7,6
2911i,R1,CON,NEU5,6,6
2911i,R1,CON,NEU3,none,none
2911i,R1,HOP,HOP19,7,6
2911i,R1,CON,NEU2,none,none
2911i,R1,HOP,HOP7,6,6
2911i,R1,HOP,HOP15,8,6
2911i,R1,CON,NEU22,none,none
2911i,R2,CON,NEU16,6,none
2911i,R2,HOP,HOP23,8,7
2911i,R2,HOP,HOP13,6,6
2911i,R2,CON,NEU26,none,none
2911i,R2,CON,NEU25,6,none
2911i,R2,HOP,HOP5,9,7
2911i,R2,CON,NEU4,none,none
2911i,R2,HOP,HOP26,7,6
2911i,R3,CON,NEU17,6,6
2911i,R3,HOP,HOP17,7,6
2911i,R3,CON,NEU27,none,none
2911i,R3,CON,NEU10,6,6
2911i,R3,HOP,HOP16,6,7
2911i,R3,CON,NEU18,6,6
2911i,R3,HOP,HOP11,none,none
2911i,R3,HOP,HOP27,8,7
3011a,R1,ANG,ANG21,0,10
3011a,R1,CON,NEU5,none,0
3011a,R1,CON,NEU3,4,0
3011a,R1,ANG,ANG12,0,10
3011a,R1,CON,NEU2,none,0
3011a,R1,ANG,ANG3,0,10
3011a,R1,ANG,ANG20,0,10
3011a,R1,CON,NEU22,none,0
3011a,R2,CON,NEU16,none,0
3011a,R2,ANG,ANG8,0,10
3011a,R2,ANG,ANG30,0,10
3011a,R2,CON,NEU26,none,0
3011a,R2,CON,NEU25,none,0
3011a,R2,ANG,ANG9,0,10
3011a,R2,CON,NEU4,none,0
3011a,R2,ANG,ANG6,0,10
3011a,R3,CON,NEU17,8,6
3011a,R3,ANG,ANG25,0,9
3011a,R3,CON,NEU27,5,0
3011a,R3,CON,NEU10,7,6
3011a,R3,ANG,ANG7,0,8
3011a,R3,CON,NEU18,6,3
3011a,R3,ANG,ANG1,2,8
3011a,R3,ANG,ANG17,8,4
3011b,R1,ANG,ANG21,2,7
3011b,R1,CON,NEU5,6,none
3011b,R1,CON,NEU3,7,6
3011b,R1,ANG,ANG12,4,none
3011b,R1,CON,NEU2,4,6
3011b,R1,ANG,ANG3,2,7
3011b,R1,ANG,ANG20,1,7
3011b,R1,CON,NEU22,none,3
3011b,R2,CON,NEU16,6,4
3011b,R2,ANG,ANG8,0,8
3011b,R2,ANG,ANG30,1,7
3011b,R2,CON,NEU26,7,6
3011b,R2,CON,NEU25,6,none
3011b,R2,ANG,ANG9,3,4
3011b,R2,CON,NEU4,none,3
3011b,R2,ANG,ANG6,2,6
3011b,R3,CON,NEU17,none,2
3011b,R3,ANG,ANG25,0,8
3011b,R3,CON,NEU27,none,1
3011b,R3,CON,NEU10,4,6
3011b,R3,ANG,ANG7,2,6
3011b,R3,CON,NEU18,6,2
3011b,R3,ANG,ANG1,2,7
3011b,R3,ANG,ANG17,2,7
3011c,R1,ANG,ANG21,3,6
3011c,R1,CON,NEU5,7,6
3011c,R1,CON,NEU3,none,4
3011c,R1,ANG,ANG12,none,3
3011c,R1,CON,NEU2,6,4
3011c,R1,ANG,ANG3,3,6
3011c,R1,ANG,ANG20,3,6
3011c,R1,CON,NEU22,none,2
3011c,R2,CON,NEU16,7,4
3011c,R2,ANG,ANG8,6,4
3011c,R2,ANG,ANG30,none,none
3011c,R2,CON,NEU26,8,4
3011c,R2,CON,NEU25,6,1
3011c,R2,ANG,ANG9,none,2
3011c,R2,CON,NEU4,6,1
3011c,R2,ANG,ANG6,2,6
3011c,R3,CON,NEU17,6,3
3011c,R3,ANG,ANG25,6,3
3011c,R3,CON,NEU27,9,6
3011c,R3,CON,NEU10,8,4
3011c,R3,ANG,ANG7,5,none
3011c,R3,CON,NEU18,6,3
3011c,R3,ANG,ANG1,4,4
3011c,R3,ANG,ANG17,7,4
3011d,R1,ANG,ANG21,1,6
3011d,R1,CON,NEU5,7,3
3011d,R1,CON,NEU3,7,2
3011d,R1,ANG,ANG12,2,6
3011d,R1,CON,NEU2,6,1
3011d,R1,ANG,ANG3,0,8
3011d,R1,ANG,ANG20,3,6
3011d,R1,CON,NEU22,7,1
3011d,R2,CON,NEU16,8,4
3011d,R2,ANG,ANG8,0,8
3011d,R2,ANG,ANG30,4,4
3011d,R2,CON,NEU26,8,6
3011d,R2,CON,NEU25,4,4
3011d,R2,ANG,ANG9,3,7
3011d,R2,CON,NEU4,7,2
3011d,R2,ANG,ANG6,2,7
3011d,R3,CON,NEU17,4,4
3011d,R3,ANG,ANG25,0,8
3011d,R3,CON,NEU27,7,3
3011d,R3,CON,NEU10,4,4
3011d,R3,ANG,ANG7,3,6
3011d,R3,CON,NEU18,8,3
3011d,R3,ANG,ANG1,3,7
3011d,R3,ANG,ANG17,6,4
3011e,R1,ANG,ANG21,0,7
3011e,R1,CON,NEU5,7,2
3011e,R1,CON,NEU3,7,4
3011e,R1,ANG,ANG12,1,6
3011e,R1,CON,NEU2,6,2
3011e,R1,ANG,ANG3,1,8
3011e,R1,ANG,ANG20,1,7
3011e,R1,CON,NEU22,7,3
3011e,R2,CON,NEU16,6,3
3011e,R2,ANG,ANG8,0,9
3011e,R2,ANG,ANG30,2,8
3011e,R2,CON,NEU26,7,2
3011e,R2,CON,NEU25,7,2
3011e,R2,ANG,ANG9,1,8
3011e,R2,CON,NEU4,none,0
3011e,R2,ANG,ANG6,1,8
3011e,R3,CON,NEU17,7,3
3011e,R3,ANG,ANG25,1,8
3011e,R3,CON,NEU27,none,2
3011e,R3,CON,NEU10,6,2
3011e,R3,ANG,ANG7,0,10
3011e,R3,CON,NEU18,6,2
3011e,R3,ANG,ANG1,1,7
3011e,R3,ANG,ANG17,2,8
3011f,R1,ANG,ANG21,2,7
3011f,R1,CON,NEU5,none,0
3011f,R1,CON,NEU3,6,0
3011f,R1,ANG,ANG12,4,3
3011f,R1,CON,NEU2,7,0
3011f,R1,ANG,ANG3,2,7
3011f,R1,ANG,ANG20,1,9
3011f,R1,CON,NEU22,none,0
3011f,R2,CON,NEU16,7,2
3011f,R2,ANG,ANG8,2,3
3011f,R2,ANG,ANG30,1,3
3011f,R2,CON,NEU26,5,0
3011f,R2,CON,NEU25,none,0
3011f,R2,ANG,ANG9,3,2
3011f,R2,CON,NEU4,none,0
3011f,R2,ANG,ANG6,2,4
3011f,R3,CON,NEU17,6,0
3011f,R3,ANG,ANG25,3,3
3011f,R3,CON,NEU27,none,0
3011f,R3,CON,NEU10,7,1
3011f,R3,ANG,ANG7,2,6
3011f,R3,CON,NEU18,7,1
3011f,R3,ANG,ANG1,3,1
3011f,R3,ANG,ANG17,2,4
3011g,R1,ANG,ANG21,0,7
3011g,R1,CON,NEU5,4,4
3011g,R1,CON,NEU3,10,2
3011g,R1,ANG,ANG12,3,6
3011g,R1,CON,NEU2,9,2
3011g,R1,ANG,ANG3,0,6
3011g,R1,ANG,ANG20,0,6
3011g,R1,CON,NEU22,6,0
3011g,R2,CON,NEU16,8,4
3011g,R2,ANG,ANG8,0,7
3011g,R2,ANG,ANG30,0,2
3011g,R2,CON,NEU26,4,3
3011g,R2,CON,NEU25,6,1
3011g,R2,ANG,ANG9,0,6
3011g,R2,CON,NEU4,6,1
3011g,R2,ANG,ANG6,1,7
3011g,R3,CON,NEU17,6,1
3011g,R3,ANG,ANG25,0,6
3011g,R3,CON,NEU27,8,0
3011g,R3,CON,NEU10,8,1
3011g,R3,ANG,ANG7,0,7
3011g,R3,CON,NEU18,8,1
3011g,R3,ANG,ANG1,0,7
3011g,R3,ANG,ANG17,1,6
3011h,R1,ANG,ANG21,0,8
3011h,R1,CON,NEU5,8,4
3011h,R1,CON,NEU3,6,4
3011h,R1,ANG,ANG12,1,8
3011h,R1,CON,NEU2,6,4
3011h,R1,ANG,ANG3,0,8
3011h,R1,ANG,ANG20,0,8
3011h,R1,CON,NEU22,none,2
3011h,R2,CON,NEU16,9,7
3011h,R2,ANG,ANG8,1,8
3011h,R2,ANG,ANG30,3,6
3011h,R2,CON,NEU26,7,4
3011h,R2,CON,NEU25,none,4
3011h,R2,ANG,ANG9,1,7
3011h,R2,CON,NEU4,none,4
3011h,R2,ANG,ANG6,2,6
3011h,R3,CON,NEU17,7,none
3011h,R3,ANG,ANG25,0,9
3011h,R3,CON,NEU27,7,6
3011h,R3,CON,NEU10,8,7
3011h,R3,ANG,ANG7,1,7
3011h,R3,CON,NEU18,7,none
3011h,R3,ANG,ANG1,2,7
3011h,R3,ANG,ANG17,4,none
3011i,R1,ANG,ANG21,3,6
3011i,R1,CON,NEU5,5,0
3011i,R1,CON,NEU3,5,0
3011i,R1,ANG,ANG12,4,none
3011i,R1,CON,NEU2,5,0
3011i,R1,ANG,ANG3,4,none
3011i,R1,ANG,ANG20,2,7
3011i,R1,CON,NEU22,5,0
3011i,R2,CON,NEU16,5,0
3011i,R2,ANG,ANG8,4,3
3011i,R2,ANG,ANG30,none,0
3011i,R2,CON,NEU26,none,0
3011i,R2,CON,NEU25,none,0
3011i,R2,ANG,ANG9,4,none
3011i,R2,CON,NEU4,none,0
3011i,R2,ANG,ANG6,2,7
3011i,R3,CON,NEU17,none,0
3011i,R3,ANG,ANG25,2,7
3011i,R3,CON,NEU27,none,0
3011i,R3,CON,NEU10,none,0
3011i,R3,ANG,ANG7,2,7
3011i,R3,CON,NEU18,none,0
3011i,R3,ANG,ANG1,4,3
3011i,R3,ANG,ANG17,none,0
0212b,R1,HOP,HOP22,10,7
0212b,R1,CON,NEU5,6,3
0212b,R1,CON,NEU3,8,3
0212b,R1,HOP,HOP19,7,none
0212b,R1,CON,NEU2,6,none
0212b,R1,HOP,HOP7,9,6
0212b,R1,HOP,HOP15,9,7
0212b,R1,CON,NEU22,none,none
0212b,R2,CON,NEU16,6,4
0212b,R2,HOP,HOP23,10,6
0212b,R2,HOP,HOP13,9,none
0212b,R2,CON,NEU26,6,3
0212b,R2,CON,NEU25,6,none
0212b,R2,HOP,HOP5,none,4
0212b,R2,CON,NEU4,none,4
0212b,R2,HOP,HOP26,9,6
0212b,R3,CON,NEU17,none,none
0212b,R3,HOP,HOP17,8,6
0212b,R3,CON,NEU27,none,1
0212b,R3,CON,NEU10,none,3
0212b,R3,HOP,HOP16,7,7
0212b,R3,CON,NEU18,9,10
0212b,R3,HOP,HOP11,6,6
0212b,R3,HOP,HOP27,10,8
0212c,R1,HOP,HOP22,9,1
0212c,R1,CON,NEU5,8,0
0212c,R1,CON,NEU3,8,0
0212c,R1,HOP,HOP19,9,0
0212c,R1,CON,NEU2,8,0
0212c,R1,HOP,HOP7,10,1
0212c,R1,HOP,HOP15,10,4
0212c,R1,CON,NEU22,none,0
0212c,R2,CON,NEU16,6,0
0212c,R2,HOP,HOP23,9,1
0212c,R2,HOP,HOP13,9,1
0212c,R2,CON,NEU26,none,0
0212c,R2,CON,NEU25,none,0
0212c,R2,HOP,HOP5,9,1
0212c,R2,CON,NEU4,none,0
0212c,R2,HOP,HOP26,9,2
0212c,R3,CON,NEU17,6,0
0212c,R3,HOP,HOP17,10,1
0212c,R3,CON,NEU27,none,0
0212c,R3,CON,NEU10,none,0
0212c,R3,HOP,HOP16,9,1
0212c,R3,CON,NEU18,6,0
0212c,R3,HOP,HOP11,9,0
0212c,R3,HOP,HOP27,10,none
0212d,R1,HOP,HOP22,10,3
0212d,R1,CON,NEU5,10,2
0212d,R1,CON,NEU3,3,6
0212d,R1,HOP,HOP19,8,4
0212d,R1,CON,NEU2,9,0
0212d,R1,HOP,HOP7,10,9
0212d,R1,HOP,HOP15,8,3
0212d,R1,CON,NEU22,9,7
0212d,R2,CON,NEU16,7,1
0212d,R2,HOP,HOP23,10,8
0212d,R2,HOP,HOP13,none,3
0212d,R2,CON,NEU26,8,3
0212d,R2,CON,NEU25,7,1
0212d,R2,HOP,HOP5,5,8
0212d,R2,CON,NEU4,6,1
0212d,R2,HOP,HOP26,8,7
0212d,R3,CON,NEU17,6,0
0212d,R3,HOP,HOP17,9,8
0212d,R3,CON,NEU27,4,2
0212d,R3,CON,NEU10,6,3
0212d,R3,HOP,HOP16,3,6
0212d,R3,CON,NEU18,8,6
0212d,R3,HOP,HOP11,9,8
0212d,R3,HOP,HOP27,9,8
0212e,R1,HOP,HOP22,7,3
0212e,R1,CON,NEU5,6,3
0212e,R1,CON,NEU3,none,5
0212e,R1,HOP,HOP19,none,6
0212e,R1,CON,NEU2,6,4
0212e,R1,HOP,HOP7,7,6
0212e,R1,HOP,HOP15,8,6
0212e,R1,CON,NEU22,9,7
0212e,R2,CON,NEU16,7,4
0212e,R2,HOP,HOP23,4,none
0212e,R2,HOP,HOP13,8,6
0212e,R2,CON,NEU26,8,7
0212e,R2,CON,NEU25,none,3
0212e,R2,HOP,HOP5,9,7
0212e,R2,CON,NEU4,3,4
0212e,R2,HOP,HOP26,9,7
0212e,R3,CON,NEU17,6,6
0212e,R3,HOP,HOP17,8,4
0212e,R3,CON,NEU27,none,3
0212e,R3,CON,NEU10,3,6
0212e,R3,HOP,HOP16,3,none
0212e,R3,CON,NEU18,7,6
0212e,R3,HOP,HOP11,8,6
0212e,R3,HOP,HOP27,8,6
0212f,R1,HOP,HOP22,7,1
0212f,R1,CON,NEU5,none,0
0212f,R1,CON,NEU3,7,2
0212f,R1,HOP,HOP19,6,0
0212f,R1,CON,NEU2,none,0
0212f,R1,HOP,HOP7,6,3
0212f,R1,HOP,HOP15,8,6
0212f,R1,CON,NEU22,6,1
0212f,R2,CON,NEU16,7,1
0212f,R2,HOP,HOP23,9,7
0212f,R2,HOP,HOP13,6,1
0212f,R2,CON,NEU26,6,0
0212f,R2,CON,NEU25,none,0
0212f,R2,HOP,HOP5,9,8
0212f,R2,CON,NEU4,none,0
0212f,R2,HOP,HOP26,8,7
0212f,R3,CON,NEU17,none,0
0212f,R3,HOP,HOP17,8,7
0212f,R3,CON,NEU27,5,0
0212f,R3,CON,NEU10,none,0
0212f,R3,HOP,HOP16,9,7
0212f,R3,CON,NEU18,none,0
0212f,R3,HOP,HOP11,6,4
0212f,R3,HOP,HOP27,9,8
0212g,R1,HOP,HOP22,8,6
0212g,R1,CON,NEU5,none,2
0212g,R1,CON,NEU3,6,3
0212g,R1,HOP,HOP19,7,4
0212g,R1,CON,NEU2,6,2
0212g,R1,HOP,HOP7,9,6
0212g,R1,HOP,HOP15,7,4
0212g,R1,CON,NEU22,6,3
0212g,R2,CON,NEU16,7,3
0212g,R2,HOP,HOP23,8,none
0212g,R2,HOP,HOP13,8,6
0212g,R2,CON,NEU26,6,4
0212g,R2,CON,NEU25,none,0
0212g,R2,HOP,HOP5,8,none
0212g,R2,CON,NEU4,none,1
0212g,R2,HOP,HOP26,10,7
0212g,R3,CON,NEU17,6,3
0212g,R3,HOP,HOP17,8,4
0212g,R3,CON,NEU27,none,1
0212g,R3,CON,NEU10,7,4
0212g,R3,HOP,HOP16,7,none
0212g,R3,CON,NEU18,7,none
0212g,R3,HOP,HOP11,6,4
0212g,R3,HOP,HOP27,8,6
0212h,R1,HOP,HOP22,9,7
0212h,R1,CON,NEU5,4,2
0212h,R1,CON,NEU3,7,4
0212h,R1,HOP,HOP19,8,6
0212h,R1,CON,NEU2,none,1
0212h,R1,HOP,HOP7,8,7
0212h,R1,HOP,HOP15,10,8
0212h,R1,CON,NEU22,5,2
0212h,R2,CON,NEU16,6,3
0212h,R2,HOP,HOP23,10,7
0212h,R2,HOP,HOP13,7,4
0212h,R2,CON,NEU26,none,0
0212h,R2,CON,NEU25,4,2
0212h,R2,HOP,HOP5,9,7
0212h,R2,CON,NEU4,none,4
0212h,R2,HOP,HOP26,10,8
0212h,R3,CON,NEU17,8,4
0212h,R3,HOP,HOP17,9,8
0212h,R3,CON,NEU27,4,6
0212h,R3,CON,NEU10,6,2
0212h,R3,HOP,HOP16,8,7
0212h,R3,CON,NEU18,7,4
0212h,R3,HOP,HOP11,8,6
0212h,R3,HOP,HOP27,10,9
0212i,R1,HOP,HOP22,8,6
0212i,R1,CON,NEU5,6,3
0212i,R1,CON,NEU3,7,6
0212i,R1,HOP,HOP19,10,7
0212i,R1,CON,NEU2,8,3
0212i,R1,HOP,HOP7,7,6
0212i,R1,HOP,HOP15,10,6
0212i,R1,CON,NEU22,6,3
0212i,R2,CON,NEU16,8,7
0212i,R2,HOP,HOP23,10,6
0212i,R2,HOP,HOP13,10,6
0212i,R2,CON,NEU26,7,3
0212i,R2,CON,NEU25,7,4
0212i,R2,HOP,HOP5,7,6
0212i,R2,CON,NEU4,6,3
0212i,R2,HOP,HOP26,7,6
0212i,R3,CON,NEU17,7,7
0212i,R3,HOP,HOP17,8,6
0212i,R3,CON,NEU27,7,4
0212i,R3,CON,NEU10,4,6
0212i,R3,HOP,HOP16,7,6
0212i,R3,CON,NEU18,9,7
0212i,R3,HOP,HOP11,7,7
0212i,R3,HOP,HOP27,9,6
0312a,R1,HOP,HOP22,10,7
0312a,R1,CON,NEU5,7,0
0312a,R1,CON,NEU3,10,6
0312a,R1,HOP,HOP19,0,8
0312a,R1,CON,NEU2,1,0
0312a,R1,HOP,HOP7,10,10
0312a,R1,HOP,HOP15,10,10
0312a,R1,CON,NEU22,2,0
0312a,R2,CON,NEU16,6,0
0312a,R2,HOP,HOP23,10,10
0312a,R2,HOP,HOP13,6,0
0312a,R2,CON,NEU26,7,0
0312a,R2,CON,NEU25,4,0
0312a,R2,HOP,HOP5,9,4
0312a,R2,CON,NEU4,0,0
0312a,R2,HOP,HOP26,10,10
0312a,R3,CON,NEU17,3,6
0312a,R3,HOP,HOP17,6,0
0312a,R3,CON,NEU27,0,10
0312a,R3,CON,NEU10,7,0
0312a,R3,HOP,HOP16,10,10
0312a,R3,CON,NEU18,6,0
0312a,R3,HOP,HOP11,3,0
0312a,R3,HOP,HOP27,10,10
0312c,R1,NEU,NEU24,10,0
0312c,R1,CON,NEU5,6,0
0312c,R1,CON,NEU3,10,6
0312c,R1,NEU,NEU6,4,10
0312c,R1,CON,NEU2,10,0
0312c,R1,NEU,NEU12,10,10
0312c,R1,NEU,NEU30,6,0
0312c,R1,CON,NEU22,0,0
0312c,R2,CON,NEU16,10,0
0312c,R2,NEU,NEU14,10,0
0312c,R2,NEU,NEU15,0,4
0312c,R2,CON,NEU26,0,10
0312c,R2,CON,NEU25,6,0
0312c,R2,NEU,NEU29,7,0
0312c,R2,CON,NEU4,6,0
0312c,R2,NEU,NEU21,6,0
0312c,R3,CON,NEU17,6,0
0312c,R3,NEU,NEU1,6,0
0312c,R3,CON,NEU27,6,0
0312c,R3,CON,NEU10,0,10
0312c,R3,NEU,NEU11,10,0
0312c,R3,CON,NEU18,10,10
0312c,R3,NEU,NEU23,0,0
0312c,R3,NEU,NEU9,0,0
0312d,R1,NEU,NEU24,6,6
0312d,R1,CON,NEU5,8,6
0312d,R1,CON,NEU3,7,4
0312d,R1,NEU,NEU6,7,4
0312d,R1,CON,NEU2,6,4
0312d,R1,NEU,NEU12,7,6
0312d,R1,NEU,NEU30,7,4
0312d,R1,CON,NEU22,6,4
0312d,R2,CON,NEU16,7,4
0312d,R2,NEU,NEU14,8,3
0312d,R2,NEU,NEU15,3,4
0312d,R2,CON,NEU26,9,3
0312d,R2,CON,NEU25,9,3
0312d,R2,NEU,NEU29,8,3
0312d,R2,CON,NEU4,6,3
0312d,R2,NEU,NEU21,6,3
0312d,R3,CON,NEU17,8,4
0312d,R3,NEU,NEU1,4,3
0312d,R3,CON,NEU27,7,3
0312d,R3,CON,NEU10,7,2
0312d,R3,NEU,NEU11,4,2
0312d,R3,CON,NEU18,9,2
0312d,R3,NEU,NEU23,9,3
0312d,R3,NEU,NEU9,8,2
0312e,R1,NEU,NEU24,6,1
0312e,R1,CON,NEU5,7,7
0312e,R1,CON,NEU3,6,1
0312e,R1,NEU,NEU6,6,1
0312e,R1,CON,NEU2,6,1
0312e,R1,NEU,NEU12,6,1
0312e,R1,NEU,NEU30,6,1
0312e,R1,CON,NEU22,6,1
0312e,R2,CON,NEU16,6,2
0312e,R2,NEU,NEU14,6,2
0312e,R2,NEU,NEU15,6,1
0312e,R2,CON,NEU26,6,3
0312e,R2,CON,NEU25,6,1
0312e,R2,NEU,NEU29,6,1
0312e,R2,CON,NEU4,6,1
0312e,R2,NEU,NEU21,6,1
0312e,R3,CON,NEU17,6,1
0312e,R3,NEU,NEU1,6,1
0312e,R3,CON,NEU27,6,1
0312e,R3,CON,NEU10,6,2
0312e,R3,NEU,NEU11,6,1
0312e,R3,CON,NEU18,6,2
0312e,R3,NEU,NEU23,6,1
0312e,R3,NEU,NEU9,6,1
0312f,R1,NEU,NEU24,8,3
0312f,R1,CON,NEU5,8,4
0312f,R1,CON,NEU3,8,6
0312f,R1,NEU,NEU6,none,6
0312f,R1,CON,NEU2,8,7
0312f,R1,NEU,NEU12,7,7
0312f,R1,NEU,NEU30,7,4
0312f,R1,CON,NEU22,4,6
0312f,R2,CON,NEU16,7,6
0312f,R2,NEU,NEU14,9,7
0312f,R2,NEU,NEU15,6,7
0312f,R2,CON,NEU26,7,6
0312f,R2,CON,NEU25,8,2
0312f,R2,NEU,NEU29,6,7
0312f,R2,CON,NEU4,6,2
0312f,R2,NEU,NEU21,3,7
0312f,R3,CON,NEU17,7,3
0312f,R3,NEU,NEU1,7,4
0312f,R3,CON,NEU27,6,3
0312f,R3,CON,NEU10,7,6
0312f,R3,NEU,NEU11,7,6
0312f,R3,CON,NEU18,8,6
0312f,R3,NEU,NEU23,3,6
0312f,R3,NEU,NEU9,4,6
0312g,R1,NEU,NEU24,8,3
0312g,R1,CON,NEU5,9,8
0312g,R1,CON,NEU3,4,1
0312g,R1,NEU,NEU6,7,3
0312g,R1,CON,NEU2,7,3
0312g,R1,NEU,NEU12,9,9
0312g,R1,NEU,NEU30,9,8
0312g,R1,CON,NEU22,8,3
0312g,R2,CON,NEU16,8,8
0312g,R2,NEU,NEU14,8,6
0312g,R2,NEU,NEU15,7,4
0312g,R2,CON,NEU26,8,6
0312g,R2,CON,NEU25,6,1
0312g,R2,NEU,NEU29,6,2
0312g,R2,CON,NEU4,9,8
0312g,R2,NEU,NEU21,8,7
0312g,R3,CON,NEU17,8,2
0312g,R3,NEU,NEU1,6,2
0312g,R3,CON,NEU27,9,9
0312g,R3,CON,NEU10,9,6
0312g,R3,NEU,NEU11,6,1
0312g,R3,CON,NEU18,7,7
0312g,R3,NEU,NEU23,2,7
0312g,R3,NEU,NEU9,9,7
0312h,R1,NEU,NEU24,6,6
0312h,R1,CON,NEU5,6,3
0312h,R1,CON,NEU3,2,8
0312h,R1,NEU,NEU6,6,none
0312h,R1,CON,NEU2,6,6
0312h,R1,NEU,NEU12,none,2
0312h,R1,NEU,NEU30,6,3
0312h,R1,CON,NEU22,none,1
0312h,R2,CON,NEU16,7,6
0312h,R2,NEU,NEU14,6,none
0312h,R2,NEU,NEU15,3,7
0312h,R2,CON,NEU26,none,6
0312h,R2,CON,NEU25,6,none
0312h,R2,NEU,NEU29,6,6
0312h,R2,CON,NEU4,none,3
0312h,R2,NEU,NEU21,6,4
0312h,R3,CON,NEU17,6,7
0312h,R3,NEU,NEU1,6,none
0312h,R3,CON,NEU27,6,6
0312h,R3,CON,NEU10,4,7
0312h,R3,NEU,NEU11,8,8
0312h,R3,CON,NEU18,7,7
0312h,R3,NEU,NEU23,4,8
0312h,R3,NEU,NEU9,none,6
0412a,R1,HOP,HOP22,8,7
0412a,R1,CON,NEU5,4,4
0412a,R1,CON,NEU3,7,3
0412a,R1,HOP,HOP19,8,7
0412a,R1,CON,NEU2,4,4
0412a,R1,HOP,HOP7,9,8
0412a,R1,HOP,HOP15,7,4
0412a,R1,CON,NEU22,3,7
0412a,R2,CON,NEU16,6,4
0412a,R2,HOP,HOP23,7,7
0412a,R2,HOP,HOP13,7,7
0412a,R2,CON,NEU26,8,7
0412a,R2,CON,NEU25,4,6
0412a,R2,HOP,HOP5,8,7
0412a,R2,CON,NEU4,4,4
0412a,R2,HOP,HOP26,8,6
0412a,R3,CON,NEU17,4,6
0412a,R3,HOP,HOP17,7,4
0412a,R3,CON,NEU27,3,7
0412a,R3,CON,NEU10,7,6
0412a,R3,HOP,HOP16,7,7
0412a,R3,CON,NEU18,7,6
0412a,R3,HOP,HOP11,6,6
0412a,R3,HOP,HOP27,8,7
0412b,R1,HOP,HOP22,9,6
0412b,R1,CON,NEU5,7,6
0412b,R1,CON,NEU3,7,none
0412b,R1,HOP,HOP19,8,6
0412b,R1,CON,NEU2,6,none
0412b,R1,HOP,HOP7,8,6
0412b,R1,HOP,HOP15,9,6
0412b,R1,CON,NEU22,4,none
0412b,R2,CON,NEU16,6,4
0412b,R2,HOP,HOP23,9,6
0412b,R2,HOP,HOP13,8,6
0412b,R2,CON,NEU26,6,none
0412b,R2,CON,NEU25,7,6
0412b,R2,HOP,HOP5,8,6
0412b,R2,CON,NEU4,6,4
0412b,R2,HOP,HOP26,6,6
0412b,R3,CON,NEU17,6,3
0412b,R3,HOP,HOP17,8,4
0412b,R3,CON,NEU27,6,3
0412b,R3,CON,NEU10,6,3
0412b,R3,HOP,HOP16,6,6
0412b,R3,CON,NEU18,6,none
0412b,R3,HOP,HOP11,6,4
0412b,R3,HOP,HOP27,7,6
0412c,R1,HOP,HOP22,10,5
0412c,R1,CON,NEU5,10,2
0412c,R1,CON,NEU3,8,6
0412c,R1,HOP,HOP19,8,1
0412c,R1,CON,NEU2,6,4
0412c,R1,HOP,HOP7,10,7
0412c,R1,HOP,HOP15,9,6
0412c,R1,CON,NEU22,5,0
0412c,R2,CON,NEU16,8,0
0412c,R2,HOP,HOP23,10,8
0412c,R2,HOP,HOP13,1,10
0412c,R2,CON,NEU26,7,6
0412c,R2,CON,NEU25,none,3
0412c,R2,HOP,HOP5,10,2
0412c,R2,CON,NEU4,none,2
0412c,R2,HOP,HOP26,5,10
0412c,R3,CON,NEU17,1,6
0412c,R3,HOP,HOP17,10,5
0412c,R3,CON,NEU27,none,2
0412c,R3,CON,NEU10,8,7
0412c,R3,HOP,HOP16,7,6
0412c,R3,CON,NEU18,10,6
0412c,R3,HOP,HOP11,8,6
0412c,R3,HOP,HOP27,10,10
0412d,R1,HOP,HOP22,6,3
0412d,R1,CON,NEU5,7,6
0412d,R1,CON,NEU3,10,7
0412d,R1,HOP,HOP19,10,7
0412d,R1,CON,NEU2,10,6
0412d,R1,HOP,HOP7,7,3
0412d,R1,HOP,HOP15,7,3
0412d,R1,CON,NEU22,7,2
0412d,R2,CON,NEU16,7,3
0412d,R2,HOP,HOP23,10,7
0412d,R2,HOP,HOP13,7,2
0412d,R2,CON,NEU26,6,0
0412d,R2,CON,NEU25,6,0
0412d,R2,HOP,HOP5,9,6
0412d,R2,CON,NEU4,none,0
0412d,R2,HOP,HOP26,7,1
0412d,R3,CON,NEU17,10,7
0412d,R3,HOP,HOP17,10,7
0412d,R3,CON,NEU27,6,1
0412d,R3,CON,NEU10,none,2
0412d,R3,HOP,HOP16,7,none
0412d,R3,CON,NEU18,9,6
0412d,R3,HOP,HOP11,9,7
0412d,R3,HOP,HOP27,10,7
0412e,R1,HOP,HOP22,6,3
0412e,R1,CON,NEU5,5,0
0412e,R1,CON,NEU3,none,0
0412e,R1,HOP,HOP19,none,2
0412e,R1,CON,NEU2,none,0
0412e,R1,HOP,HOP7,4,2
0412e,R1,HOP,HOP15,6,2
0412e,R1,CON,NEU22,none,0
0412e,R2,CON,NEU16,none,0
0412e,R2,HOP,HOP23,6,1
0412e,R2,HOP,HOP13,none,2
0412e,R2,CON,NEU26,none,0
0412e,R2,CON,NEU25,none,0
0412e,R2,HOP,HOP5,6,1
0412e,R2,CON,NEU4,none,0
0412e,R2,HOP,HOP26,6,0
0412e,R3,CON,NEU17,none,0
0412e,R3,HOP,HOP17,7,6
0412e,R3,CON,NEU27,4,4
0412e,R3,CON,NEU10,none,3
0412e,R3,HOP,HOP16,7,6
0412e,R3,CON,NEU18,none,4
0412e,R3,HOP,HOP11,6,none
0412e,R3,HOP,HOP27,7,6
0412f,R1,HOP,HOP22,9,4
0412f,R1,CON,NEU5,6,4
0412f,R1,CON,NEU3,none,4
0412f,R1,HOP,HOP19,8,6
0412f,R1,CON,NEU2,7,6
0412f,R1,HOP,HOP7,10,6
0412f,R1,HOP,HOP15,7,6
0412f,R1,CON,NEU22,none,none
0412f,R2,CON,NEU16,7,none
0412f,R2,HOP,HOP23,9,7
0412f,R2,HOP,HOP13,7,none
0412f,R2,CON,NEU26,8,6
0412f,R2,CON,NEU25,none,3
0412f,R2,HOP,HOP5,7,6
0412f,R2,CON,NEU4,none,3
0412f,R2,HOP,HOP26,8,none
0412f,R3,CON,NEU17,none,3
0412f,R3,HOP,HOP17,8,6
0412f,R3,CON,NEU27,none,2
0412f,R3,CON,NEU10,4,none
0412f,R3,HOP,HOP16,7,none
0412f,R3,CON,NEU18,7,6
0412f,R3,HOP,HOP11,7,none
0412f,R3,HOP,HOP27,7,7
0412g,R1,HOP,HOP22,8,4
0412g,R1,CON,NEU5,7,2
0412g,R1,CON,NEU3,6,0
0412g,R1,HOP,HOP19,4,1
0412g,R1,CON,NEU2,6,1
0412g,R1,HOP,HOP7,10,7
0412g,R1,HOP,HOP15,7,4
0412g,R1,CON,NEU22,6,0
0412g,R2,CON,NEU16,8,3
0412g,R2,HOP,HOP23,10,7
0412g,R2,HOP,HOP13,7,4
0412g,R2,CON,NEU26,7,1
0412g,R2,CON,NEU25,7,0
0412g,R2,HOP,HOP5,8,3
0412g,R2,CON,NEU4,7,0
0412g,R2,HOP,HOP26,8,8
0412g,R3,CON,NEU17,0,9
0412g,R3,HOP,HOP17,9,7
0412g,R3,CON,NEU27,7,0
0412g,R3,CON,NEU10,10,0
0412g,R3,HOP,HOP16,7,5
0412g,R3,CON,NEU18,8,0
0412g,R3,HOP,HOP11,8,7
0412g,R3,HOP,HOP27,10,7
0412h,R1,HOP,HOP22,8,6
0412h,R1,CON,NEU5,7,1
0412h,R1,CON,NEU3,4,2
0412h,R1,HOP,HOP19,8,8
0412h,R1,CON,NEU2,3,1
0412h,R1,HOP,HOP7,10,9
0412h,R1,HOP,HOP15,8,7
0412h,R1,CON,NEU22,5,1
0412h,R2,CON,NEU16,none,6
0412h,R2,HOP,HOP23,9,8
0412h,R2,HOP,HOP13,9,4
0412h,R2,CON,NEU26,6,6
0412h,R2,CON,NEU25,3,9
0412h,R2,HOP,HOP5,10,7
0412h,R2,CON,NEU4,5,2
0412h,R2,HOP,HOP26,0,10
0412h,R3,CON,NEU17,9,8
0412h,R3,HOP,HOP17,9,6
0412h,R3,CON,NEU27,4,1
0412h,R3,CON,NEU10,5,0
0412h,R3,HOP,HOP16,10,9
0412h,R3,CON,NEU18,9,8
0412h,R3,HOP,HOP11,8,6
0412h,R3,HOP,HOP27,10,9
0412i,R1,HOP,HOP22,9,6
0412i,R1,CON,NEU5,6,1
0412i,R1,CON,NEU3,4,3
0412i,R1,HOP,HOP19,7,6
0412i,R1,CON,NEU2,7,0
0412i,R1,HOP,HOP7,9,7
0412i,R1,HOP,HOP15,7,4
0412i,R1,CON,NEU22,none,0
0412i,R2,CON,NEU16,7,4
0412i,R2,HOP,HOP23,8,3
0412i,R2,HOP,HOP13,4,3
0412i,R2,CON,NEU26,6,0
0412i,R2,CON,NEU25,none,0
0412i,R2,HOP,HOP5,8,8
0412i,R2,CON,NEU4,none,0
0412i,R2,HOP,HOP26,4,4
0412i,R3,CON,NEU17,7,6
0412i,R3,HOP,HOP17,8,7
0412i,R3,CON,NEU27,none,0
0412i,R3,CON,NEU10,7,0
0412i,R3,HOP,HOP16,10,8
0412i,R3,CON,NEU18,7,6
0412i,R3,HOP,HOP11,6,2
0412i,R3,HOP,HOP27,8,6
0512a,R1,NEU,NEU24,6,2
0512a,R1,CON,NEU5,4,6
0512a,R1,CON,NEU3,7,6
0512a,R1,NEU,NEU6,none,none
0512a,R1,CON,NEU2,7,3
0512a,R1,NEU,NEU12,8,7
0512a,R1,NEU,NEU30,3,4
0512a,R1,CON,NEU22,4,6
0512a,R2,CON,NEU16,9,7
0512a,R2,NEU,NEU14,7,6
0512a,R2,NEU,NEU15,1,7
0512a,R2,CON,NEU26,10,8
0512a,R2,CON,NEU25,3,6
0512a,R2,NEU,NEU29,3,6
0512a,R2,CON,NEU4,none,2
0512a,R2,NEU,NEU21,9,7
0512a,R3,CON,NEU17,8,6
0512a,R3,NEU,NEU1,3,7
0512a,R3,CON,NEU27,4,6
0512a,R3,CON,NEU10,8,4
0512a,R3,NEU,NEU11,7,7
0512a,R3,CON,NEU18,10,7
0512a,R3,NEU,NEU23,2,7
0512a,R3,NEU,NEU9,7,6
0512b,R1,NEU,NEU24,none,4
0512b,R1,CON,NEU5,6,4
0512b,R1,CON,NEU3,6,none
0512b,R1,NEU,NEU6,6,4
0512b,R1,CON,NEU2,7,4
0512b,R1,NEU,NEU12,8,none
0512b,R1,NEU,NEU30,4,6
0512b,R1,CON,NEU22,7,6
0512b,R2,CON,NEU16,8,6
0512b,R2,NEU,NEU14,7,none
0512b,R2,NEU,NEU15,6,6
0512b,R2,CON,NEU26,10,6
0512b,R2,CON,NEU25,7,3
0512b,R2,NEU,NEU29,7,none
0512b,R2,CON,NEU4,6,4
0512b,R2,NEU,NEU21,7,7
0512b,R3,CON,NEU17,7,6
0512b,R3,NEU,NEU1,6,6
0512b,R3,CON,NEU27,7,6
0512b,R3,CON,NEU10,7,6
0512b,R3,NEU,NEU11,8,7
0512b,R3,CON,NEU18,8,7
0512b,R3,NEU,NEU23,4,7
0512b,R3,NEU,NEU9,none,6
0512c,R1,NEU,NEU24,7,6
0512c,R1,CON,NEU5,8,7
0512c,R1,CON,NEU3,7,2
0512c,R1,NEU,NEU6,6,2
0512c,R1,CON,NEU2,6,2
0512c,R1,NEU,NEU12,8,8
0512c,R1,NEU,NEU30,7,3
0512c,R1,CON,NEU22,6,3
0512c,R2,CON,NEU16,7,7
0512c,R2,NEU,NEU14,9,7
0512c,R2,NEU,NEU15,3,7
0512c,R2,CON,NEU26,8,7
0512c,R2,CON,NEU25,4,4
0512c,R2,NEU,NEU29,6,3
0512c,R2,CON,NEU4,6,0
0512c,R2,NEU,NEU21,7,1
0512c,R3,CON,NEU17,8,6
0512c,R3,NEU,NEU1,7,7
0512c,R3,CON,NEU27,7,6
0512c,R3,CON,NEU10,6,2
0512c,R3,NEU,NEU11,6,1
0512c,R3,CON,NEU18,9,8
0512c,R3,NEU,NEU23,3,7
0512c,R3,NEU,NEU9,3,7
0512d,R1,NEU,NEU24,6,1
0512d,R1,CON,NEU5,6,1
0512d,R1,CON,NEU3,7,2
0512d,R1,NEU,NEU6,none,1
0512d,R1,CON,NEU2,none,0
0512d,R1,NEU,NEU12,6,1
0512d,R1,NEU,NEU30,6,0
0512d,R1,CON,NEU22,4,0
0512d,R2,CON,NEU16,6,0
0512d,R2,NEU,NEU14,7,1
0512d,R2,NEU,NEU15,none,1
0512d,R2,CON,NEU26,4,1
0512d,R2,CON,NEU25,4,1
0512d,R2,NEU,NEU29,6,1
0512d,R2,CON,NEU4,6,1
0512d,R2,NEU,NEU21,8,2
0512d,R3,CON,NEU17,7,1
0512d,R3,NEU,NEU1,7,1
0512d,R3,CON,NEU27,6,1
0512d,R3,CON,NEU10,6,1
0512d,R3,NEU,NEU11,7,1
0512d,R3,CON,NEU18,8,2
0512d,R3,NEU,NEU23,7,1
0512d,R3,NEU,NEU9,8,1
0512f,R1,NEU,NEU24,10,0
0512f,R1,CON,NEU5,8,2
0512f,R1,CON,NEU3,10,2
0512f,R1,NEU,NEU6,6,0
0512f,R1,CON,NEU2,7,0
0512f,R1,NEU,NEU12,9,1
0512f,R1,NEU,NEU30,8,0
0512f,R1,CON,NEU22,6,0
0512f,R2,CON,NEU16,6,0
0512f,R2,NEU,NEU14,10,1
0512f,R2,NEU,NEU15,0,1
0512f,R2,CON,NEU26,8,0
0512f,R2,CON,NEU25,7,1
0512f,R2,NEU,NEU29,6,0
0512f,R2,CON,NEU4,6,0
0512f,R2,NEU,NEU21,7,0
0512f,R3,CON,NEU17,1,0
0512f,R3,NEU,NEU1,6,0
0512f,R3,CON,NEU27,4,0
0512f,R3,CON,NEU10,5,0
0512f,R3,NEU,NEU11,3,6
0512f,R3,CON,NEU18,8,0
0512f,R3,NEU,NEU23,10,1
0512f,R3,NEU,NEU9,4,0
0512g,R1,NEU,NEU24,4,1
0512g,R1,CON,NEU5,10,2
0512g,R1,CON,NEU3,10,1
0512g,R1,NEU,NEU6,8,2
0512g,R1,CON,NEU2,none,0
0512g,R1,NEU,NEU12,8,6
0512g,R1,NEU,NEU30,1,3
0512g,R1,CON,NEU22,9,2
0512g,R2,CON,NEU16,10,5
0512g,R2,NEU,NEU14,9,6
0512g,R2,NEU,NEU15,2,2
0512g,R2,CON,NEU26,8,2
0512g,R2,CON,NEU25,7,6
0512g,R2,NEU,NEU29,6,7
0512g,R2,CON,NEU4,4,0
0512g,R2,NEU,NEU21,7,6
0512g,R3,CON,NEU17,7,9
0512g,R3,NEU,NEU1,6,2
0512g,R3,CON,NEU27,1,6
0512g,R3,CON,NEU10,7,6
0512g,R3,NEU,NEU11,8,7
0512g,R3,CON,NEU18,9,7
0512g,R3,NEU,NEU23,8,8
0512g,R3,NEU,NEU9,5,0
0612e,R1,ANG,ANG21,4,6
0612e,R1,CON,NEU5,6,4
0612e,R1,CON,NEU3,6,6
0612e,R1,ANG,ANG12,4,4
0612e,R1,CON,NEU2,7,3
0612e,R1,ANG,ANG3,0,10
0612e,R1,ANG,ANG20,0,10
0612e,R1,CON,NEU22,7,2
0612e,R2,CON,NEU16,10,7
0612e,R2,ANG,ANG8,0,10
0612e,R2,ANG,ANG30,0,10
0612e,R2,CON,NEU26,10,2
0612e,R2,CON,NEU25,6,3
0612e,R2,ANG,ANG9,0,9
0612e,R2,CON,NEU4,6,0
0612e,R2,ANG,ANG6,0,9
0612e,R3,CON,NEU17,10,3
0612e,R3,ANG,ANG25,0,10
0612e,R3,CON,NEU27,5,2
0612e,R3,CON,NEU10,9,4
0612e,R3,ANG,ANG7,0,9
0612e,R3,CON,NEU18,10,8
0612e,R3,ANG,ANG1,0,10
0612e,R3,ANG,ANG17,0,8
0612f,R1,ANG,ANG21,2,3
0612f,R1,CON,NEU5,7,4
0612f,R1,CON,NEU3,7,3
0612f,R1,ANG,ANG12,3,4
0612f,R1,CON,NEU2,none,0
0612f,R1,ANG,ANG3,2,none
0612f,R1,ANG,ANG20,2,4
0612f,R1,CON,NEU22,6,2
0612f,R2,CON,NEU16,7,3
0612f,R2,ANG,ANG8,3,3
0612f,R2,ANG,ANG30,6,1
0612f,R2,CON,NEU26,7,2
0612f,R2,CON,NEU25,4,1
0612f,R2,ANG,ANG9,none,3
0612f,R2,CON,NEU4,5,0
0612f,R2,ANG,ANG6,2,4
0612f,R3,CON,NEU17,none,0
0612f,R3,ANG,ANG25,3,none
0612f,R3,CON,NEU27,6,1
0612f,R3,CON,NEU10,4,2
0612f,R3,ANG,ANG7,2,2
0612f,R3,CON,NEU18,7,2
0612f,R3,ANG,ANG1,4,3
0612f,R3,ANG,ANG17,none,3
0612g,R1,ANG,ANG21,0,7
0612g,R1,CON,NEU5,7,3
0612g,R1,CON,NEU3,8,3
0612g,R1,ANG,ANG12,2,6
0612g,R1,CON,NEU2,6,3
0612g,R1,ANG,ANG3,1,7
0612g,R1,ANG,ANG20,1,8
0612g,R1,CON,NEU22,6,2
0612g,R2,CON,NEU16,6,2
0612g,R2,ANG,ANG8,2,7
0612g,R2,ANG,ANG30,3,6
0612g,R2,CON,NEU26,6,3
0612g,R2,CON,NEU25,none,3
0612g,R2,ANG,ANG9,3,6
0612g,R2,CON,NEU4,none,1
0612g,R2,ANG,ANG6,1,7
0612g,R3,CON,NEU17,7,3
0612g,R3,ANG,ANG25,0,7
0612g,R3,CON,NEU27,none,2
0612g,R3,CON,NEU10,6,2
0612g,R3,ANG,ANG7,1,8
0612g,R3,CON,NEU18,7,3
0612g,R3,ANG,ANG1,3,6
0612g,R3,ANG,ANG17,none,3
0612h,R1,ANG,ANG21,2,7
0612h,R1,CON,NEU5,6,2
0612h,R1,CON,NEU3,6,1
0612h,R1,ANG,ANG12,3,6
0612h,R1,CON,NEU2,none,2
0612h,R1,ANG,ANG3,2,4
0612h,R1,ANG,ANG20,2,6
0612h,R1,CON,NEU22,none,2
0612h,R2,CON,NEU16,7,3
0612h,R2,ANG,ANG8,2,6
0612h,R2,ANG,ANG30,1,7
0612h,R2,CON,NEU26,6,2
0612h,R2,CON,NEU25,6,1
0612h,R2,ANG,ANG9,4,4
0612h,R2,CON,NEU4,6,3
0612h,R2,ANG,ANG6,2,6
0612h,R3,CON,NEU17,7,3
0612h,R3,ANG,ANG25,3,4
0612h,R3,CON,NEU27,6,3
0612h,R3,CON,NEU10,6,3
0612h,R3,ANG,ANG7,1,7
0612h,R3,CON,NEU18,6,2
0612h,R3,ANG,ANG1,2,7
0612h,R3,ANG,ANG17,7,6
0612i,R1,ANG,ANG21,3,4
0612i,R1,CON,NEU5,7,4
0612i,R1,CON,NEU3,none,4
0612i,R1,ANG,ANG12,4,4
0612i,R1,CON,NEU2,4,4
0612i,R1,ANG,ANG3,3,none
0612i,R1,ANG,ANG20,3,4
0612i,R1,CON,NEU22,6,none
0612i,R2,CON,NEU16,5,5
0612i,R2,ANG,ANG8,2,6
0612i,R2,ANG,ANG30,4,6
0612i,R2,CON,NEU26,none,none
0612i,R2,CON,NEU25,none,5
0612i,R2,ANG,ANG9,3,6
0612i,R2,CON,NEU4,none,4
0612i,R2,ANG,ANG6,2,7
0612i,R3,CON,NEU17,none,4
0612i,R3,ANG,ANG25,1,5
0612i,R3,CON,NEU27,none,4
0612i,R3,CON,NEU10,none,4
0612i,R3,ANG,ANG7,3,4
0612i,R3,CON,NEU18,none,none
0612i,R3,ANG,ANG1,2,6
0612i,R3,ANG,ANG17,6,6
0712b,R1,NEU,NEU24,8,1
0712b,R1,CON,NEU5,6,3
0712b,R1,CON,NEU3,7,2
0712b,R1,NEU,NEU6,6,0
0712b,R1,CON,NEU2,7,0
0712b,R1,NEU,NEU12,7,0
0712b,R1,NEU,NEU30,5,0
0712b,R1,CON,NEU22,none,0
0712b,R2,CON,NEU16,6,0
0712b,R2,NEU,NEU14,8,2
0712b,R2,NEU,NEU15,3,0
0712b,R2,CON,NEU26,none,0
0712b,R2,CON,NEU25,6,0
0712b,R2,NEU,NEU29,7,0
0712b,R2,CON,NEU4,7,0
0712b,R2,NEU,NEU21,6,0
0712b,R3,CON,NEU17,8,0
0712b,R3,NEU,NEU1,7,0
0712b,R3,CON,NEU27,8,1
0712b,R3,CON,NEU10,none,1
0712b,R3,NEU,NEU11,7,0
0712b,R3,CON,NEU18,7,2
0712b,R3,NEU,NEU23,6,0
0712b,R3,NEU,NEU9,7,0
0712c,R1,HOP,HOP22,none,1
0712c,R1,CON,NEU5,7,1
0712c,R1,CON,NEU3,1,1
0712c,R1,HOP,HOP19,3,2
0712c,R1,CON,NEU2,none,1
0712c,R1,HOP,HOP7,3,2
0712c,R1,HOP,HOP15,8,2
0712c,R1,CON,NEU22,6,1
0712c,R2,CON,NEU16,none,1
0712c,R2,HOP,HOP23,8,2
0712c,R2,HOP,HOP13,0,5
0712c,R2,CON,NEU26,none,1
0712c,R2,CON,NEU25,none,1
0712c,R2,HOP,HOP5,3,2
0712c,R2,CON,NEU4,none,1
0712c,R2,HOP,HOP26,none,2
0712c,R3,CON,NEU17,none,1
0712c,R3,HOP,HOP17,4,2
0712c,R3,CON,NEU27,none,1
0712c,R3,CON,NEU10,none,1
0712c,R3,HOP,HOP16,1,2
0712c,R3,CON,NEU18,none,1
0712c,R3,HOP,HOP11,7,2
0712c,R3,HOP,HOP27,6,2
0712d,R1,NEU,NEU24,7,6
0712d,R1,CON,NEU5,7,6
0712d,R1,CON,NEU3,none,4
0712d,R1,NEU,NEU6,none,4
0712d,R1,CON,NEU2,6,6
0712d,R1,NEU,NEU12,6,6
0712d,R1,NEU,NEU30,6,4
0712d,R1,CON,NEU22,none,3
0712d,R2,CON,NEU16,7,6
0712d,R2,NEU,NEU14,7,none
0712d,R2,NEU,NEU15,none,none
0712d,R2,CON,NEU26,6,6
0712d,R2,CON,NEU25,none,3
0712d,R2,NEU,NEU29,none,2
0712d,R2,CON,NEU4,none,2
0712d,R2,NEU,NEU21,none,2
0712d,R3,CON,NEU17,7,none
0712d,R3,NEU,NEU1,none,4
0712d,R3,CON,NEU27,none,3
0712d,R3,CON,NEU10,none,2
0712d,R3,NEU,NEU11,6,2
0712d,R3,CON,NEU18,6,3
0712d,R3,NEU,NEU23,none,1
0712d,R3,NEU,NEU9,none,1
0712f,R1,HOP,HOP22,7,6
0712f,R1,CON,NEU5,6,6
0712f,R1,CON,NEU3,9,4
0712f,R1,HOP,HOP19,10,8
0712f,R1,CON,NEU2,none,none
0712f,R1,HOP,HOP7,6,6
0712f,R1,HOP,HOP15,10,9
0712f,R1,CON,NEU22,4,3
0712f,R2,CON,NEU16,8,6
0712f,R2,HOP,HOP23,10,6
0712f,R2,HOP,HOP13,9,6
0712f,R2,CON,NEU26,4,1
0712f,R2,CON,NEU25,7,1
0712f,R2,HOP,HOP5,10,7
0712f,R2,CON,NEU4,none,2
0712f,R2,HOP,HOP26,6,4
0712f,R3,CON,NEU17,none,3
0712f,R3,HOP,HOP17,7,none
0712f,R3,CON,NEU27,6,1
0712f,R3,CON,NEU10,3,6
0712f,R3,HOP,HOP16,8,7
0712f,R3,CON,NEU18,none,0
0712f,R3,HOP,HOP11,7,6
0712f,R3,HOP,HOP27,9,8
0712g,R1,NEU,NEU24,7,2
0712g,R1,CON,NEU5,8,3
0712g,R1,CON,NEU3,9,6
0712g,R1,NEU,NEU6,7,none
0712g,R1,CON,NEU2,none,none
0712g,R1,NEU,NEU12,7,none
0712g,R1,NEU,NEU30,6,none
0712g,R1,CON,NEU22,7,6
0712g,R2,CON,NEU16,7,none
0712g,R2,NEU,NEU14,9,7
0712g,R2,NEU,NEU15,7,4
0712g,R2,CON,NEU26,7,5
0712g,R2,CON,NEU25,8,none
0712g,R2,NEU,NEU29,7,none
0712g,R2,CON,NEU4,7,7
0712g,R2,NEU,NEU21,8,7
0712g,R3,CON,NEU17,8,6
0712g,R3,NEU,NEU1,8,none
0712g,R3,CON,NEU27,7,none
0712g,R3,CON,NEU10,none,none
0712g,R3,NEU,NEU11,8,6
0712g,R3,CON,NEU18,7,none
0712g,R3,NEU,NEU23,6,6
0712g,R3,NEU,NEU9,8,6
0712h,R1,NEU,NEU24,3,6
0712h,R1,CON,NEU5,7,3
0712h,R1,CON,NEU3,7,4
0712h,R1,NEU,NEU6,6,1
0712h,R1,CON,NEU2,6,2
0712h,R1,NEU,NEU12,8,6
0712h,R1,NEU,NEU30,6,2
0712h,R1,CON,NEU22,9,6
0712h,R2,CON,NEU16,6,4
0712h,R2,NEU,NEU14,6,7
0712h,R2,NEU,NEU15,6,6
0712h,R2,CON,NEU26,7,4
0712h,R2,CON,NEU25,3,6
0712h,R2,NEU,NEU29,6,6
0712h,R2,CON,NEU4,4,6
0712h,R2,NEU,NEU21,4,7
0712h,R3,CON,NEU17,3,7
0712h,R3,NEU,NEU1,3,4
0712h,R3,CON,NEU27,7,6
0712h,R3,CON,NEU10,8,6
0712h,R3,NEU,NEU11,6,4
0712h,R3,CON,NEU18,7,6
0712h,R3,NEU,NEU23,4,4
0712h,R3,NEU,NEU9,6,6
0712i,R1,NEU,NEU24,7,1
0712i,R1,CON,NEU5,7,1
0712i,R1,CON,NEU3,8,2
0712i,R1,NEU,NEU6,6,1
0712i,R1,CON,NEU2,6,0
0712i,R1,NEU,NEU12,7,2
0712i,R1,NEU,NEU30,7,2
0712i,R1,CON,NEU22,4,1
0712i,R2,CON,NEU16,8,2
0712i,R2,NEU,NEU14,8,3
0712i,R2,NEU,NEU15,4,2
0712i,R2,CON,NEU26,8,6
0712i,R2,CON,NEU25,7,2
0712i,R2,NEU,NEU29,7,2
0712i,R2,CON,NEU4,6,0
0712i,R2,NEU,NEU21,7,2
0712i,R3,CON,NEU17,8,2
0712i,R3,NEU,NEU1,7,2
0712i,R3,CON,NEU27,8,2
0712i,R3,CON,NEU10,8,2
0712i,R3,NEU,NEU11,6,0
0712i,R3,CON,NEU18,8,2
0712i,R3,NEU,NEU23,4,2
0712i,R3,NEU,NEU9,6,0
0812a,R1,NEU,NEU24,none,3
0812a,R1,CON,NEU5,6,6
0812a,R1,CON,NEU3,7,6
0812a,R1,NEU,NEU6,3,7
0812a,R1,CON,NEU2,none,4
0812a,R1,NEU,NEU12,6,none
0812a,R1,NEU,NEU30,6,3
0812a,R1,CON,NEU22,none,2
0812a,R2,CON,NEU16,6,3
0812a,R2,NEU,NEU14,9,8
0812a,R2,NEU,NEU15,none,3
0812a,R2,CON,NEU26,6,3
0812a,R2,CON,NEU25,none,1
0812a,R2,NEU,NEU29,none,1
0812a,R2,CON,NEU4,none,1
0812a,R2,NEU,NEU21,8,7
0812a,R3,CON,NEU17,6,4
0812a,R3,NEU,NEU1,2,8
0812a,R3,CON,NEU27,none,0
0812a,R3,CON,NEU10,9,7
0812a,R3,NEU,NEU11,6,3
0812a,R3,CON,NEU18,9,8
0812a,R3,NEU,NEU23,6,4
0812a,R3,NEU,NEU9,6,2
0812d,R1,NEU,NEU24,4,8
0812d,R1,CON,NEU5,10,8
0812d,R1,CON,NEU3,9,7
0812d,R1,NEU,NEU6,4,4
0812d,R1,CON,NEU2,4,7
0812d,R1,NEU,NEU12,10,8
0812d,R1,NEU,NEU30,8,6
0812d,R1,CON,NEU22,8,6
0812d,R2,CON,NEU16,9,8
0812d,R2,NEU,NEU14,7,6
0812d,R2,NEU,NEU15,3,7
0812d,R2,CON,NEU26,none,3
0812d,R2,CON,NEU25,6,6
0812d,R2,NEU,NEU29,7,6
0812d,R2,CON,NEU4,none,2
0812d,R2,NEU,NEU21,6,6
0812d,R3,CON,NEU17,8,6
0812d,R3,NEU,NEU1,10,8
0812d,R3,CON,NEU27,3,6
0812d,R3,CON,NEU10,8,7
0812d,R3,NEU,NEU11,3,7
0812d,R3,CON,NEU18,10,9
0812d,R3,NEU,NEU23,8,9
0812d,R3,NEU,NEU9,7,10
0812e,R1,NEU,NEU24,6,2
0812e,R1,CON,NEU5,7,4
0812e,R1,CON,NEU3,6,none
0812e,R1,NEU,NEU6,none,2
0812e,R1,CON,NEU2,none,6
0812e,R1,NEU,NEU12,7,6
0812e,R1,NEU,NEU30,6,6
0812e,R1,CON,NEU22,none,6
0812e,R2,CON,NEU16,7,6
0812e,R2,NEU,NEU14,none,3
0812e,R2,NEU,NEU15,4,4
0812e,R2,CON,NEU26,7,6
0812e,R2,CON,NEU25,6,none
0812e,R2,NEU,NEU29,none,6
0812e,R2,CON,NEU4,none,6
0812e,R2,NEU,NEU21,5,none
0812e,R3,CON,NEU17,none,4
0812e,R3,NEU,NEU1,6,none
0812e,R3,CON,NEU27,none,none
0812e,R3,CON,NEU10,7,6
0812e,R3,NEU,NEU11,3,7
0812e,R3,CON,NEU18,8,6
0812e,R3,NEU,NEU23,6,7
0812e,R3,NEU,NEU9,none,none
0812f,R1,NEU,NEU24,7,4
0812f,R1,CON,NEU5,8,6
0812f,R1,CON,NEU3,8,7
0812f,R1,NEU,NEU6,3,3
0812f,R1,CON,NEU2,3,6
0812f,R1,NEU,NEU12,8,6
0812f,R1,NEU,NEU30,7,7
0812f,R1,CON,NEU22,4,3
0812f,R2,CON,NEU16,8,7
0812f,R2,NEU,NEU14,9,7
0812f,R2,NEU,NEU15,4,1
0812f,R2,CON,NEU26,4,7
0812f,R2,CON,NEU25,8,6
0812f,R2,NEU,NEU29,8,7
0812f,R2,CON,NEU4,5,none
0812f,R2,NEU,NEU21,9,8
0812f,R3,CON,NEU17,6,4
0812f,R3,NEU,NEU1,7,6
0812f,R3,CON,NEU27,7,4
0812f,R3,CON,NEU10,2,3
0812f,R3,NEU,NEU11,7,4
0812f,R3,CON,NEU18,7,7
0812f,R3,NEU,NEU23,6,6
0812f,R3,NEU,NEU9,none,none
0812g,R1,NEU,NEU24,6,4
0812g,R1,CON,NEU5,none,4
0812g,R1,CON,NEU3,7,4
0812g,R1,NEU,NEU6,6,4
0812g,R1,CON,NEU2,6,4
0812g,R1,NEU,NEU12,6,4
0812g,R1,NEU,NEU30,6,4
0812g,R1,CON,NEU22,6,4
0812g,R2,CON,NEU16,7,6
0812g,R2,NEU,NEU14,7,6
0812g,R2,NEU,NEU15,7,6
0812g,R2,CON,NEU26,none,4
0812g,R2,CON,NEU25,6,4
0812g,R2,NEU,NEU29,6,7
0812g,R2,CON,NEU4,none,6
0812g,R2,NEU,NEU21,none,8
0812g,R3,CON,NEU17,10,8
0812g,R3,NEU,NEU1,6,6
0812g,R3,CON,NEU27,6,6
0812g,R3,CON,NEU10,6,4
0812g,R3,NEU,NEU11,6,2
0812g,R3,CON,NEU18,9,8
0812g,R3,NEU,NEU23,3,6
0812g,R3,NEU,NEU9,none,none
0812h,R1,NEU,NEU24,7,2
0812h,R1,CON,NEU5,8,2
0812h,R1,CON,NEU3,9,4
0812h,R1,NEU,NEU6,7,4
0812h,R1,CON,NEU2,7,1
0812h,R1,NEU,NEU12,8,2
0812h,R1,NEU,NEU30,7,4
0812h,R1,CON,NEU22,8,1
0812h,R2,CON,NEU16,9,4
0812h,R2,NEU,NEU14,9,4
0812h,R2,NEU,NEU15,7,4
0812h,R2,CON,NEU26,8,6
0812h,R2,CON,NEU25,7,4
0812h,R2,NEU,NEU29,10,6
0812h,R2,CON,NEU4,6,1
0812h,R2,NEU,NEU21,8,6
0812h,R3,CON,NEU17,9,0
0812h,R3,NEU,NEU1,7,2
0812h,R3,CON,NEU27,9,1
0812h,R3,CON,NEU10,6,7
0812h,R3,NEU,NEU11,8,7
0812h,R3,CON,NEU18,8,6
0812h,R3,NEU,NEU23,3,6
0812h,R3,NEU,NEU9,6,4
0812i,R1,NEU,NEU24,8,2
0812i,R1,CON,NEU5,8,4
0812i,R1,CON,NEU3,8,4
0812i,R1,NEU,NEU6,6,6
0812i,R1,CON,NEU2,7,4
0812i,R1,NEU,NEU12,7,4
0812i,R1,NEU,NEU30,8,6
0812i,R1,CON,NEU22,6,none
0812i,R2,CON,NEU16,9,7
0812i,R2,NEU,NEU14,8,6
0812i,R2,NEU,NEU15,7,6
0812i,R2,CON,NEU26,8,6
0812i,R2,CON,NEU25,6,4
0812i,R2,NEU,NEU29,7,6
0812i,R2,CON,NEU4,6,4
0812i,R2,NEU,NEU21,6,6
0812i,R3,CON,NEU17,7,6
0812i,R3,NEU,NEU1,8,6
0812i,R3,CON,NEU27,6,4
0812i,R3,CON,NEU10,6,6
0812i,R3,NEU,NEU11,7,6
0812i,R3,CON,NEU18,7,none
0812i,R3,NEU,NEU23,3,6
0812i,R3,NEU,NEU9,4,6
0812j,R1,NEU,NEU24,7,3
0812j,R1,CON,NEU5,none,1
0812j,R1,CON,NEU3,6,2
0812j,R1,NEU,NEU6,none,3
0812j,R1,CON,NEU2,none,0
0812j,R1,NEU,NEU12,6,3
0812j,R1,NEU,NEU30,6,3
0812j,R1,CON,NEU22,none,1
0812j,R2,CON,NEU16,7,4
0812j,R2,NEU,NEU14,7,4
0812j,R2,NEU,NEU15,6,3
0812j,R2,CON,NEU26,6,1
0812j,R2,CON,NEU25,none,4
0812j,R2,NEU,NEU29,7,4
0812j,R2,CON,NEU4,none,0
0812j,R2,NEU,NEU21,6,none
0812j,R3,CON,NEU17,none,5
0812j,R3,NEU,NEU1,6,3
0812j,R3,CON,NEU27,7,4
0812j,R3,CON,NEU10,6,5
0812j,R3,NEU,NEU11,6,3
0812j,R3,CON,NEU18,7,4
0812j,R3,NEU,NEU23,3,5
0812j,R3,NEU,NEU9,4,2
0812k,R1,NEU,NEU24,9,9
0812k,R1,CON,NEU5,8,9
0812k,R1,CON,NEU3,8,9
0812k,R1,NEU,NEU6,2,9
0812k,R1,CON,NEU2,10,10
0812k,R1,NEU,NEU12,10,10
0812k,R1,NEU,NEU30,10,10
0812k,R1,CON,NEU22,9,10
0812k,R2,CON,NEU16,10,10
0812k,R2,NEU,NEU14,10,10
0812k,R2,NEU,NEU15,2,1
0812k,R2,CON,NEU26,1,0
0812k,R2,CON,NEU25,1,1
0812k,R2,NEU,NEU29,10,1
0812k,R2,CON,NEU4,10,9
0812k,R2,NEU,NEU21,10,0
0812k,R3,CON,NEU17,10,10
0812k,R3,NEU,NEU1,10,9
0812k,R3,CON,NEU27,10,9
0812k,R3,CON,NEU10,10,10
0812k,R3,NEU,NEU11,10,10
0812k,R3,CON,NEU18,10,9
0812k,R3,NEU,NEU23,1,0
0812k,R3,NEU,NEU9,1,0
0912b,R1,ANG,ANG21,0,6
0912b,R1,CON,NEU5,8,none
0912b,R1,CON,NEU3,9,1
0912b,R1,ANG,ANG12,3,1
0912b,R1,CON,NEU2,6,1
0912b,R1,ANG,ANG3,0,2
0912b,R1,ANG,ANG20,0,2
0912b,R1,CON,NEU22,6,3
0912b,R2,CON,NEU16,7,1
0912b,R2,ANG,ANG8,0,6
0912b,R2,ANG,ANG30,1,6
0912b,R2,CON,NEU26,10,6
0912b,R2,CON,NEU25,7,7
0912b,R2,ANG,ANG9,1,3
0912b,R2,CON,NEU4,5,0
0912b,R2,ANG,ANG6,0,6
0912b,R3,CON,NEU17,7,7
0912b,R3,ANG,ANG25,0,8
0912b,R3,CON,NEU27,none,3
0912b,R3,CON,NEU10,9,6
0912b,R3,ANG,ANG7,0,7
0912b,R3,CON,NEU18,4,6
0912b,R3,ANG,ANG1,2,2
0912b,R3,ANG,ANG17,3,2
0912c,R1,ANG,ANG21,2,3
0912c,R1,CON,NEU5,none,2
0912c,R1,CON,NEU3,none,3
0912c,R1,ANG,ANG12,4,4
0912c,R1,CON,NEU2,none,2
0912c,R1,ANG,ANG3,3,none
0912c,R1,ANG,ANG20,2,6
0912c,R1,CON,NEU22,none,1
0912c,R2,CON,NEU16,none,1
0912c,R2,ANG,ANG8,3,none
0912c,R2,ANG,ANG30,3,4
0912c,R2,CON,NEU26,none,0
0912c,R2,CON,NEU25,none,1
0912c,R2,ANG,ANG9,4,1
0912c,R2,CON,NEU4,none,0
0912c,R2,ANG,ANG6,2,6
0912c,R3,CON,NEU17,6,0
0912c,R3,ANG,ANG25,2,7
0912c,R3,CON,NEU27,none,0
0912c,R3,CON,NEU10,6,1
0912c,R3,ANG,ANG7,2,none
0912c,R3,CON,NEU18,6,1
0912c,R3,ANG,ANG1,1,8
0912c,R3,ANG,ANG17,3,none
0912d,R1,ANG,ANG21,2,4
0912d,R1,CON,NEU5,7,2
0912d,R1,CON,NEU3,4,4
0912d,R1,ANG,ANG12,3,4
0912d,R1,CON,NEU2,9,2
0912d,R1,ANG,ANG3,1,6
0912d,R1,ANG,ANG20,3,none
0912d,R1,CON,NEU22,6,2
0912d,R2,CON,NEU16,9,7
0912d,R2,ANG,ANG8,3,7
0912d,R2,ANG,ANG30,3,6
0912d,R2,CON,NEU26,7,1
0912d,R2,CON,NEU25,4,2
0912d,R2,ANG,ANG9,none,3
0912d,R2,CON,NEU4,6,2
0912d,R2,ANG,ANG6,4,6
0912d,R3,CON,NEU17,9,7
0912d,R3,ANG,ANG25,1,7
0912d,R3,CON,NEU27,8,3
0912d,R3,CON,NEU10,3,6
0912d,R3,ANG,ANG7,2,3
0912d,R3,CON,NEU18,9,8
0912d,R3,ANG,ANG1,none,4
0912d,R3,ANG,ANG17,7,4
0912e,R1,ANG,ANG21,4,8
0912e,R1,CON,NEU5,9,9
0912e,R1,CON,NEU3,10,9
0912e,R1,ANG,ANG12,4,8
0912e,R1,CON,NEU2,10,9
0912e,R1,ANG,ANG3,1,10
0912e,R1,ANG,ANG20,2,9
0912e,R1,CON,NEU22,7,6
0912e,R2,CON,NEU16,10,7
0912e,R2,ANG,ANG8,1,9
0912e,R2,ANG,ANG30,4,8
0912e,R2,CON,NEU26,7,6
0912e,R2,CON,NEU25,7,6
0912e,R2,ANG,ANG9,4,7
0912e,R2,CON,NEU4,6,6
0912e,R2,ANG,ANG6,3,7
0912e,R3,CON,NEU17,8,6
0912e,R3,ANG,ANG25,2,7
0912e,R3,CON,NEU27,6,none
0912e,R3,CON,NEU10,6,4
0912e,R3,ANG,ANG7,3,7
0912e,R3,CON,NEU18,10,9
0912e,R3,ANG,ANG1,3,7
0912e,R3,ANG,ANG17,none,6
0912f,R1,ANG,ANG21,3,6
0912f,R1,CON,NEU5,5,0
0912f,R1,CON,NEU3,6,0
0912f,R1,ANG,ANG12,3,none
0912f,R1,CON,NEU2,5,0
0912f,R1,ANG,ANG3,3,6
0912f,R1,ANG,ANG20,3,6
0912f,R1,CON,NEU22,none,0
0912f,R2,CON,NEU16,6,1
0912f,R2,ANG,ANG8,2,6
0912f,R2,ANG,ANG30,3,7
0912f,R2,CON,NEU26,6,0
0912f,R2,CON,NEU25,none,0
0912f,R2,ANG,ANG9,3,none
0912f,R2,CON,NEU4,none,0
0912f,R2,ANG,ANG6,3,none
0912f,R3,CON,NEU17,5,0
0912f,R3,ANG,ANG25,2,7
0912f,R3,CON,NEU27,none,0
0912f,R3,CON,NEU10,none,1
0912f,R3,ANG,ANG7,3,4
0912f,R3,CON,NEU18,6,1
0912f,R3,ANG,ANG1,2,none
0912f,R3,ANG,ANG17,4,4
0912g,R1,ANG,ANG21,4,none
0912g,R1,CON,NEU5,none,6
0912g,R1,CON,NEU3,7,6
0912g,R1,ANG,ANG12,none,6
0912g,R1,CON,NEU2,6,none
0912g,R1,ANG,ANG3,4,none
0912g,R1,ANG,ANG20,6,6
0912g,R1,CON,NEU22,6,6
0912g,R2,CON,NEU16,none,none
0912g,R2,ANG,ANG8,4,none
0912g,R2,ANG,ANG30,none,none
0912g,R2,CON,NEU26,6,7
0912g,R2,CON,NEU25,none,none
0912g,R2,ANG,ANG9,3,6
0912g,R2,CON,NEU4,none,none
0912g,R2,ANG,ANG6,none,none
0912g,R3,CON,NEU17,4,6
0912g,R3,ANG,ANG25,6,6
0912g,R3,CON,NEU27,4,6
0912g,R3,CON,NEU10,none,none
0912g,R3,ANG,ANG7,none,6
0912g,R3,CON,NEU18,6,none
0912g,R3,ANG,ANG1,4,5
0912g,R3,ANG,ANG17,none,none
0912h,R1,ANG,ANG21,0,10
0912h,R1,CON,NEU5,10,2
0912h,R1,CON,NEU3,10,8
0912h,R1,ANG,ANG12,0,9
0912h,R1,CON,NEU2,10,2
0912h,R1,ANG,ANG3,0,10
0912h,R1,ANG,ANG20,0,8
0912h,R1,CON,NEU22,10,2
0912h,R2,CON,NEU16,10,10
0912h,R2,ANG,ANG8,0,10
0912h,R2,ANG,ANG30,7,10
0912h,R2,CON,NEU26,9,1
0912h,R2,CON,NEU25,7,0
0912h,R2,ANG,ANG9,0,10
0912h,R2,CON,NEU4,5,0
0912h,R2,ANG,ANG6,0,10
0912h,R3,CON,NEU17,10,7
0912h,R3,ANG,ANG25,0,10
0912h,R3,CON,NEU27,6,2
0912h,R3,CON,NEU10,10,1
0912h,R3,ANG,ANG7,0,10
0912h,R3,CON,NEU18,10,7
0912h,R3,ANG,ANG1,6,8
0912h,R3,ANG,ANG17,8,8
1012b,R1,HOP,HOP22,6,4
1012b,R1,CON,NEU5,6,2
1012b,R1,CON,NEU3,none,0
1012b,R1,HOP,HOP19,7,6
1012b,R1,CON,NEU2,6,4
1012b,R1,HOP,HOP7,9,7
1012b,R1,HOP,HOP15,8,7
1012b,R1,CON,NEU22,4,0
1012b,R2,CON,NEU16,3,0
1012b,R2,HOP,HOP23,8,7
1012b,R2,HOP,HOP13,6,8
1012b,R2,CON,NEU26,8,7
1012b,R2,CON,NEU25,4,3
1012b,R2,HOP,HOP5,7,6
1012b,R2,CON,NEU4,none,0
1012b,R2,HOP,HOP26,9,7
1012b,R3,CON,NEU17,7,7
1012b,R3,HOP,HOP17,8,7
1012b,R3,CON,NEU27,2,6
1012b,R3,CON,NEU10,6,none
1012b,R3,HOP,HOP16,8,7
1012b,R3,CON,NEU18,7,6
1012b,R3,HOP,HOP11,8,7
1012b,R3,HOP,HOP27,7,8
1012c,R1,HOP,HOP22,8,6
1012c,R1,CON,NEU5,8,4
1012c,R1,CON,NEU3,8,4
1012c,R1,HOP,HOP19,4,7
1012c,R1,CON,NEU2,7,4
1012c,R1,HOP,HOP7,8,7
1012c,R1,HOP,HOP15,9,6
1012c,R1,CON,NEU22,4,7
1012c,R2,CON,NEU16,7,4
1012c,R2,HOP,HOP23,8,7
1012c,R2,HOP,HOP13,8,6
1012c,R2,CON,NEU26,8,4
1012c,R2,CON,NEU25,4,4
1012c,R2,HOP,HOP5,8,8
1012c,R2,CON,NEU4,6,4
1012c,R2,HOP,HOP26,10,8
1012c,R3,CON,NEU17,8,6
1012c,R3,HOP,HOP17,10,7
1012c,R3,CON,NEU27,6,4
1012c,R3,CON,NEU10,9,7
1012c,R3,HOP,HOP16,7,7
1012c,R3,CON,NEU18,8,7
1012c,R3,HOP,HOP11,9,6
1012c,R3,HOP,HOP27,9,7
1012d,R1,HOP,HOP22,8,6
1012d,R1,CON,NEU5,none,3
1012d,R1,CON,NEU3,6,5
1012d,R1,HOP,HOP19,1,9
1012d,R1,CON,NEU2,6,none
1012d,R1,HOP,HOP7,6,8
1012d,R1,HOP,HOP15,7,none
1012d,R1,CON,NEU22,10,6
1012d,R2,CON,NEU16,6,6
1012d,R2,HOP,HOP23,9,6
1012d,R2,HOP,HOP13,3,8
1012d,R2,CON,NEU26,6,3
1012d,R2,CON,NEU25,4,4
1012d,R2,HOP,HOP5,10,10
1012d,R2,CON,NEU4,none,3
1012d,R2,HOP,HOP26,10,8
1012d,R3,CON,NEU17,8,6
1012d,R3,HOP,HOP17,10,8
1012d,R3,CON,NEU27,6,4
1012d,R3,CON,NEU10,none,none
1012d,R3,HOP,HOP16,8,7
1012d,R3,CON,NEU18,7,none
1012d,R3,HOP,HOP11,10,7
1012d,R3,HOP,HOP27,10,8
1012e,R1,HOP,HOP22,8,5
1012e,R1,CON,NEU5,7,3
1012e,R1,CON,NEU3,6,4
1012e,R1,HOP,HOP19,8,5
1012e,R1,CON,NEU2,none,4
1012e,R1,HOP,HOP7,7,6
1012e,R1,HOP,HOP15,6,none
1012e,R1,CON,NEU22,none,2
1012e,R2,CON,NEU16,7,6
1012e,R2,HOP,HOP23,7,6
1012e,R2,HOP,HOP13,6,none
1012e,R2,CON,NEU26,7,3
1012e,R2,CON,NEU25,4,3
1012e,R2,HOP,HOP5,7,6
1012e,R2,CON,NEU4,6,3
1012e,R2,HOP,HOP26,8,7
1012e,R3,CON,NEU17,7,3
1012e,R3,HOP,HOP17,7,6
1012e,R3,CON,NEU27,6,2
1012e,R3,CON,NEU10,none,3
1012e,R3,HOP,HOP16,7,6
1012e,R3,CON,NEU18,7,6
1012e,R3,HOP,HOP11,7,6
1012e,R3,HOP,HOP27,8,6
1012f,R1,HOP,HOP22,8,6
1012f,R1,CON,NEU5,6,4
1012f,R1,CON,NEU3,6,2
1012f,R1,HOP,HOP19,8,6
1012f,R1,CON,NEU2,6,1
1012f,R1,HOP,HOP7,8,7
1012f,R1,HOP,HOP15,8,7
1012f,R1,CON,NEU22,none,3
1012f,R2,CON,NEU16,6,2
1012f,R2,HOP,HOP23,8,8
1012f,R2,HOP,HOP13,7,6
1012f,R2,CON,NEU26,none,1
1012f,R2,CON,NEU25,none,1
1012f,R2,HOP,HOP5,7,7
1012f,R2,CON,NEU4,none,2
1012f,R2,HOP,HOP26,8,7
1012f,R3,CON,NEU17,6,2
1012f,R3,HOP,HOP17,7,6
1012f,R3,CON,NEU27,none,1
1012f,R3,CON,NEU10,6,3
1012f,R3,HOP,HOP16,8,6
1012f,R3,CON,NEU18,6,3
1012f,R3,HOP,HOP11,7,6
1012f,R3,HOP,HOP27,9,7
1012g,R1,NEU,NEU24,0,7
1012g,R1,CON,NEU5,7,3
1012g,R1,CON,NEU3,8,7
1012g,R1,NEU,NEU6,9,8
1012g,R1,CON,NEU2,6,1
1012g,R1,NEU,NEU12,10,9
1012g,R1,NEU,NEU30,8,2
1012g,R1,CON,NEU22,9,3
1012g,R2,CON,NEU16,10,9
1012g,R2,NEU,NEU14,7,1
1012g,R2,NEU,NEU15,0,8
1012g,R2,CON,NEU26,7,4
1012g,R2,CON,NEU25,9,6
1012g,R2,NEU,NEU29,7,6
1012g,R2,CON,NEU4,3,6
1012g,R2,NEU,NEU21,8,4
1012g,R3,CON,NEU17,7,4
1012g,R3,NEU,NEU1,7,4
1012g,R3,CON,NEU27,2,7
1012g,R3,CON,NEU10,none,4
1012g,R3,NEU,NEU11,2,7
1012g,R3,CON,NEU18,8,7
1012g,R3,NEU,NEU23,8,7
1012g,R3,NEU,NEU9,7,3
1012h,R1,NEU,NEU24,6,7
1012h,R1,CON,NEU5,6,6
1012h,R1,CON,NEU3,8,6
1012h,R1,NEU,NEU6,4,4
1012h,R1,CON,NEU2,7,6
1012h,R1,NEU,NEU12,8,7
1012h,R1,NEU,NEU30,6,6
1012h,R1,CON,NEU22,6,4
1012h,R2,CON,NEU16,8,6
1012h,R2,NEU,NEU14,7,7
1012h,R2,NEU,NEU15,3,4
1012h,R2,CON,NEU26,6,4
1012h,R2,CON,NEU25,4,4
1012h,R2,NEU,NEU29,7,6
1012h,R2,CON,NEU4,6,3
1012h,R2,NEU,NEU21,6,4
1012h,R3,CON,NEU17,8,7
1012h,R3,NEU,NEU1,8,7
1012h,R3,CON,NEU27,6,4
1012h,R3,CON,NEU10,7,6
1012h,R3,NEU,NEU11,3,4
1012h,R3,CON,NEU18,9,8
1012h,R3,NEU,NEU23,4,4
1012h,R3,NEU,NEU9,3,4
1012i,R1,HOP,HOP22,8,7
1012i,R1,CON,NEU5,7,3
1012i,R1,CON,NEU3,8,2
1012i,R1,HOP,HOP19,none,7
1012i,R1,CON,NEU2,none,6
1012i,R1,HOP,HOP7,7,7
1012i,R1,HOP,HOP15,10,7
1012i,R1,CON,NEU22,none,3
1012i,R2,CON,NEU16,8,4
1012i,R2,HOP,HOP23,7,7
1012i,R2,HOP,HOP13,7,4
1012i,R2,CON,NEU26,none,3
1012i,R2,CON,NEU25,6,3
1012i,R2,HOP,HOP5,8,4
1012i,R2,CON,NEU4,none,3
1012i,R2,HOP,HOP26,7,7
1012i,R3,CON,NEU17,6,none
1012i,R3,HOP,HOP17,8,3
1012i,R3,CON,NEU27,6,4
1012i,R3,CON,NEU10,7,2
1012i,R3,HOP,HOP16,8,8
1012i,R3,CON,NEU18,4,4
1012i,R3,HOP,HOP11,none,6
1012i,R3,HOP,HOP27,8,7
1112a,R1,ANG,ANG21,3,3
1112a,R1,CON,NEU5,5,0
1112a,R1,CON,NEU3,5,0
1112a,R1,ANG,ANG12,2,3
1112a,R1,CON,NEU2,none,0
1112a,R1,ANG,ANG3,2,2
1112a,R1,ANG,ANG20,0,3
1112a,R1,CON,NEU22,none,0
1112a,R2,CON,NEU16,6,1
1112a,R2,ANG,ANG8,0,3
1112a,R2,ANG,ANG30,0,3
1112a,R2,CON,NEU26,none,0
1112a,R2,CON,NEU25,none,0
1112a,R2,ANG,ANG9,0,2
1112a,R2,CON,NEU4,none,0
1112a,R2,ANG,ANG6,2,2
1112a,R3,CON,NEU17,none,0
1112a,R3,ANG,ANG25,0,2
1112a,R3,CON,NEU27,5,0
1112a,R3,CON,NEU10,none,0
1112a,R3,ANG,ANG7,0,2
1112a,R3,CON,NEU18,none,0
1112a,R3,ANG,ANG1,3,1
1112a,R3,ANG,ANG17,3,1
1112b,R1,ANG,ANG21,2,6
1112b,R1,CON,NEU5,7,3
1112b,R1,CON,NEU3,7,3
1112b,R1,ANG,ANG12,4,4
1112b,R1,CON,NEU2,6,1
1112b,R1,ANG,ANG3,2,6
1112b,R1,ANG,ANG20,2,6
1112b,R1,CON,NEU22,none,2
1112b,R2,CON,NEU16,7,3
1112b,R2,ANG,ANG8,2,6
1112b,R2,ANG,ANG30,4,4
1112b,R2,CON,NEU26,7,2
1112b,R2,CON,NEU25,7,2
1112b,R2,ANG,ANG9,3,6
1112b,R2,CON,NEU4,6,2
1112b,R2,ANG,ANG6,3,none
1112b,R3,CON,NEU17,6,2
1112b,R3,ANG,ANG25,3,4
1112b,R3,CON,NEU27,none,1
1112b,R3,CON,NEU10,4,1
1112b,R3,ANG,ANG7,3,5
1112b,R3,CON,NEU18,8,4
1112b,R3,ANG,ANG1,2,6
1112b,R3,ANG,ANG17,5,3
1112c,R1,ANG,ANG21,1,6
1112c,R1,CON,NEU5,7,4
1112c,R1,CON,NEU3,6,4
1112c,R1,ANG,ANG12,3,6
1112c,R1,CON,NEU2,6,3
1112c,R1,ANG,ANG3,2,6
1112c,R1,ANG,ANG20,1,6
1112c,R1,CON,NEU22,none,3
1112c,R2,CON,NEU16,6,4
1112c,R2,ANG,ANG8,0,6
1112c,R2,ANG,ANG30,4,6
1112c,R2,CON,NEU26,none,3
1112c,R2,CON,NEU25,6,4
1112c,R2,ANG,ANG9,2,6
1112c,R2,CON,NEU4,none,3
1112c,R2,ANG,ANG6,1,6
1112c,R3,CON,NEU17,6,3
1112c,R3,ANG,ANG25,2,6
1112c,R3,CON,NEU27,none,3
1112c,R3,CON,NEU10,6,4
1112c,R3,ANG,ANG7,2,none
1112c,R3,CON,NEU18,6,4
1112c,R3,ANG,ANG1,2,none
1112c,R3,ANG,ANG17,4,6
1112d,R1,ANG,ANG21,2,9
1112d,R1,CON,NEU5,6,6
1112d,R1,CON,NEU3,6,7
1112d,R1,ANG,ANG12,4,8
1112d,R1,CON,NEU2,9,9
1112d,R1,ANG,ANG3,0,9
1112d,R1,ANG,ANG20,1,10
1112d,R1,CON,NEU22,6,0
1112d,R2,CON,NEU16,8,10
1112d,R2,ANG,ANG8,0,8
1112d,R2,ANG,ANG30,9,5
1112d,R2,CON,NEU26,5,6
1112d,R2,CON,NEU25,none,0
1112d,R2,ANG,ANG9,1,none
1112d,R2,CON,NEU4,6,0
1112d,R2,ANG,ANG6,0,9
1112d,R3,CON,NEU17,none,0
1112d,R3,ANG,ANG25,0,6
1112d,R3,CON,NEU27,none,6
1112d,R3,CON,NEU10,none,9
1112d,R3,ANG,ANG7,3,8
1112d,R3,CON,NEU18,10,8
1112d,R3,ANG,ANG1,2,9
1112d,R3,ANG,ANG17,3,6
1112e,R1,ANG,ANG21,3,6
1112e,R1,CON,NEU5,6,4
1112e,R1,CON,NEU3,7,6
1112e,R1,ANG,ANG12,none,3
1112e,R1,CON,NEU2,6,4
1112e,R1,ANG,ANG3,1,7
1112e,R1,ANG,ANG20,3,6
1112e,R1,CON,NEU22,none,1
1112e,R2,CON,NEU16,7,6
1112e,R2,ANG,ANG8,2,7
1112e,R2,ANG,ANG30,2,7
1112e,R2,CON,NEU26,7,6
1112e,R2,CON,NEU25,none,1
1112e,R2,ANG,ANG9,0,8
1112e,R2,CON,NEU4,none,0
1112e,R2,ANG,ANG6,1,7
1112e,R3,CON,NEU17,6,3
1112e,R3,ANG,ANG25,0,8
1112e,R3,CON,NEU27,none,3
1112e,R3,CON,NEU10,none,1
1112e,R3,ANG,ANG7,1,6
1112e,R3,CON,NEU18,7,6
1112e,R3,ANG,ANG1,0,7
1112e,R3,ANG,ANG17,4,none
1112f,R1,ANG,ANG21,2,7
1112f,R1,CON,NEU5,7,6
1112f,R1,CON,NEU3,6,4
1112f,R1,ANG,ANG12,5,4
1112f,R1,CON,NEU2,7,6
1112f,R1,ANG,ANG3,3,6
1112f,R1,ANG,ANG20,4,7
1112f,R1,CON,NEU22,7,7
1112f,R2,CON,NEU16,8,8
1112f,R2,ANG,ANG8,2,8
1112f,R2,ANG,ANG30,4,6
1112f,R2,CON,NEU26,8,7
1112f,R2,CON,NEU25,6,6
1112f,R2,ANG,ANG9,none,6
1112f,R2,CON,NEU4,7,7
1112f,R2,ANG,ANG6,2,7
1112f,R3,CON,NEU17,6,6
1112f,R3,ANG,ANG25,3,7
1112f,R3,CON,NEU27,6,6
1112f,R3,CON,NEU10,6,none
1112f,R3,ANG,ANG7,4,7
1112f,R3,CON,NEU18,7,7
1112f,R3,ANG,ANG1,none,6
1112f,R3,ANG,ANG17,6,5
1112g,R1,ANG,ANG21,2,7
1112g,R1,CON,NEU5,7,4
1112g,R1,CON,NEU3,7,3
1112g,R1,ANG,ANG12,3,4
1112g,R1,CON,NEU2,7,1
1112g,R1,ANG,ANG3,1,7
1112g,R1,ANG,ANG20,0,8
1112g,R1,CON,NEU22,none,1
1112g,R2,CON,NEU16,7,6
1112g,R2,ANG,ANG8,0,8
1112g,R2,ANG,ANG30,1,8
1112g,R2,CON,NEU26,6,2
1112g,R2,CON,NEU25,6,1
1112g,R2,ANG,ANG9,0,7
1112g,R2,CON,NEU4,6,0
1112g,R2,ANG,ANG6,1,6
1112g,R3,CON,NEU17,6,2
1112g,R3,ANG,ANG25,1,7
1112g,R3,CON,NEU27,none,0
1112g,R3,CON,NEU10,5,1
1112g,R3,ANG,ANG7,2,6
1112g,R3,CON,NEU18,8,6
1112g,R3,ANG,ANG1,2,7
1112g,R3,ANG,ANG17,1,8
1112h,R1,ANG,ANG21,2,6
1112h,R1,CON,NEU5,6,1
1112h,R1,CON,NEU3,7,1
1112h,R1,ANG,ANG12,2,4
1112h,R1,CON,NEU2,7,1
1112h,R1,ANG,ANG3,0,8
1112h,R1,ANG,ANG20,0,7
1112h,R1,CON,NEU22,4,0
1112h,R2,CON,NEU16,6,0
1112h,R2,ANG,ANG8,1,7
1112h,R2,ANG,ANG30,2,6
1112h,R2,CON,NEU26,6,0
1112h,R2,CON,NEU25,6,0
1112h,R2,ANG,ANG9,2,6
1112h,R2,CON,NEU4,none,0
1112h,R2,ANG,ANG6,0,7
1112h,R3,CON,NEU17,none,0
1112h,R3,ANG,ANG25,0,10
1112h,R3,CON,NEU27,none,0
1112h,R3,CON,NEU10,5,0
1112h,R3,ANG,ANG7,1,7
1112h,R3,CON,NEU18,6,none
1112h,R3,ANG,ANG1,2,6
1112h,R3,ANG,ANG17,3,6
1112i,R1,ANG,ANG21,1,7
1112i,R1,CON,NEU5,6,3
1112i,R1,CON,NEU3,6,1
1112i,R1,ANG,ANG12,3,6
1112i,R1,CON,NEU2,6,0
1112i,R1,ANG,ANG3,2,6
1112i,R1,ANG,ANG20,2,7
1112i,R1,CON,NEU22,6,0
1112i,R2,CON,NEU16,6,1
1112i,R2,ANG,ANG8,0,8
1112i,R2,ANG,ANG30,1,9
1112i,R2,CON,NEU26,7,2
1112i,R2,CON,NEU25,6,0
1112i,R2,ANG,ANG9,4,6
1112i,R2,CON,NEU4,6,0
1112i,R2,ANG,ANG6,0,9
1112i,R3,CON,NEU17,6,1
1112i,R3,ANG,ANG25,1,9
1112i,R3,CON,NEU27,6,0
1112i,R3,CON,NEU10,6,1
1112i,R3,ANG,ANG7,0,9
1112i,R3,CON,NEU18,6,1
1112i,R3,ANG,ANG1,2,8
1112i,R3,ANG,ANG17,3,7
1212b,R1,HOP,HOP22,9,4
1212b,R1,CON,NEU5,6,2
1212b,R1,CON,NEU3,5,1
1212b,R1,HOP,HOP19,7,3
1212b,R1,CON,NEU2,5,0
1212b,R1,HOP,HOP7,7,4
1212b,R1,HOP,HOP15,7,4
1212b,R1,CON,NEU22,none,0
1212b,R2,CON,NEU16,4,0
1212b,R2,HOP,HOP23,7,7
1212b,R2,HOP,HOP13,7,7
1212b,R2,CON,NEU26,7,6
1212b,R2,CON,NEU25,none,0
1212b,R2,HOP,HOP5,7,6
1212b,R2,CON,NEU4,none,0
1212b,R2,HOP,HOP26,8,9
1212b,R3,CON,NEU17,9,4
1212b,R3,HOP,HOP17,10,5
1212b,R3,CON,NEU27,5,0
1212b,R3,CON,NEU10,6,1
1212b,R3,HOP,HOP16,10,9
1212b,R3,CON,NEU18,none,0
1212b,R3,HOP,HOP11,2,7
1212b,R3,HOP,HOP27,9,7
1212c,R1,HOP,HOP22,9,8
1212c,R1,CON,NEU5,9,7
1212c,R1,CON,NEU3,10,6
1212c,R1,HOP,HOP19,9,7
1212c,R1,CON,NEU2,7,3
1212c,R1,HOP,HOP7,10,8
1212c,R1,HOP,HOP15,10,7
1212c,R1,CON,NEU22,8,6
1212c,R2,CON,NEU16,6,4
1212c,R2,HOP,HOP23,10,10
1212c,R2,HOP,HOP13,0,10
1212c,R2,CON,NEU26,10,8
1212c,R2,CON,NEU25,6,0
1212c,R2,HOP,HOP5,10,8
1212c,R2,CON,NEU4,7,0
1212c,R2,HOP,HOP26,10,10
1212c,R3,CON,NEU17,9,2
1212c,R3,HOP,HOP17,10,6
1212c,R3,CON,NEU27,6,0
1212c,R3,CON,NEU10,7,2
1212c,R3,HOP,HOP16,10,7
1212c,R3,CON,NEU18,10,6
1212c,R3,HOP,HOP11,10,7
1212c,R3,HOP,HOP27,10,10
1212d,R1,HOP,HOP22,10,8
1212d,R1,CON,NEU5,9,4
1212d,R1,CON,NEU3,9,3
1212d,R1,HOP,HOP19,9,7
1212d,R1,CON,NEU2,8,3
1212d,R1,HOP,HOP7,10,8
1212d,R1,HOP,HOP15,10,8
1212d,R1,CON,NEU22,7,2
1212d,R2,CON,NEU16,8,4
1212d,R2,HOP,HOP23,10,8
1212d,R2,HOP,HOP13,10,10
1212d,R2,CON,NEU26,7,2
1212d,R2,CON,NEU25,8,6
1212d,R2,HOP,HOP5,10,9
1212d,R2,CON,NEU4,6,2
1212d,R2,HOP,HOP26,8,6
1212d,R3,CON,NEU17,4,2
1212d,R3,HOP,HOP17,10,9
1212d,R3,CON,NEU27,6,6
1212d,R3,CON,NEU10,8,6
1212d,R3,HOP,HOP16,9,7
1212d,R3,CON,NEU18,7,3
1212d,R3,HOP,HOP11,9,8
1212d,R3,HOP,HOP27,6,4
1212e,R1,HOP,HOP22,5,1
1212e,R1,CON,NEU5,7,0
1212e,R1,CON,NEU3,10,0
1212e,R1,HOP,HOP19,6,0
1212e,R1,CON,NEU2,4,0
1212e,R1,HOP,HOP7,6,1
1212e,R1,HOP,HOP15,10,3
1212e,R1,CON,NEU22,0,0
1212e,R2,CON,NEU16,10,1
1212e,R2,HOP,HOP23,7,3
1212e,R2,HOP,HOP13,10,6
1212e,R2,CON,NEU26,6,6
1212e,R2,CON,NEU25,5,0
1212e,R2,HOP,HOP5,6,5
1212e,R2,CON,NEU4,5,0
1212e,R2,HOP,HOP26,6,0
1212e,R3,CON,NEU17,10,0
1212e,R3,HOP,HOP17,8,0
1212e,R3,CON,NEU27,10,7
1212e,R3,CON,NEU10,5,0
1212e,R3,HOP,HOP16,10,6
1212e,R3,CON,NEU18,6,0
1212e,R3,HOP,HOP11,6,0
1212e,R3,HOP,HOP27,10,6
1212f,R1,HOP,HOP22,7,7
1212f,R1,CON,NEU5,none,none
1212f,R1,CON,NEU3,7,6
1212f,R1,HOP,HOP19,4,2
1212f,R1,CON,NEU2,none,2
1212f,R1,HOP,HOP7,8,4
1212f,R1,HOP,HOP15,8,4
1212f,R1,CON,NEU22,4,0
1212f,R2,CON,NEU16,7,4
1212f,R2,HOP,HOP23,9,6
1212f,R2,HOP,HOP13,2,none
1212f,R2,CON,NEU26,6,3
1212f,R2,CON,NEU25,7,2
1212f,R2,HOP,HOP5,8,6
1212f,R2,CON,NEU4,none,1
1212f,R2,HOP,HOP26,8,7
1212f,R3,CON,NEU17,none,3
1212f,R3,HOP,HOP17,7,6
1212f,R3,CON,NEU27,none,3
1212f,R3,CON,NEU10,6,1
1212f,R3,HOP,HOP16,6,3
1212f,R3,CON,NEU18,6,3
1212f,R3,HOP,HOP11,7,6
1212f,R3,HOP,HOP27,9,7
1212g,R1,HOP,HOP22,8,8
1212g,R1,CON,NEU5,8,7
1212g,R1,CON,NEU3,7,8
1212g,R1,HOP,HOP19,7,7
1212g,R1,CON,NEU2,7,6
1212g,R1,HOP,HOP7,8,7
1212g,R1,HOP,HOP15,8,7
1212g,R1,CON,NEU22,4,6
1212g,R2,CON,NEU16,8,7
1212g,R2,HOP,HOP23,7,7
1212g,R2,HOP,HOP13,7,6
1212g,R2,CON,NEU26,6,6
1212g,R2,CON,NEU25,4,6
1212g,R2,HOP,HOP5,7,7
1212g,R2,CON,NEU4,6,3
1212g,R2,HOP,HOP26,7,7
1212g,R3,CON,NEU17,7,3
1212g,R3,HOP,HOP17,7,4
1212g,R3,CON,NEU27,none,2
1212g,R3,CON,NEU10,6,2
1212g,R3,HOP,HOP16,8,7
1212g,R3,CON,NEU18,6,none
1212g,R3,HOP,HOP11,7,6
1212g,R3,HOP,HOP27,8,6
1312b,R1,ANG,ANG21,1,7
1312b,R1,CON,NEU5,8,2
1312b,R1,CON,NEU3,9,2
1312b,R1,ANG,ANG12,0,7
1312b,R1,CON,NEU2,7,2
1312b,R1,ANG,ANG3,0,6
1312b,R1,ANG,ANG20,0,8
1312b,R1,CON,NEU22,7,2
1312b,R2,CON,NEU16,8,2
1312b,R2,ANG,ANG8,1,7
1312b,R2,ANG,ANG30,1,9
1312b,R2,CON,NEU26,9,2
1312b,R2,CON,NEU25,7,2
1312b,R2,ANG,ANG9,2,6
1312b,R2,CON,NEU4,6,0
1312b,R2,ANG,ANG6,1,8
1312b,R3,CON,NEU17,6,1
1312b,R3,ANG,ANG25,2,7
1312b,R3,CON,NEU27,5,0
1312b,R3,CON,NEU10,8,1
1312b,R3,ANG,ANG7,0,9
1312b,R3,CON,NEU18,8,1
1312b,R3,ANG,ANG1,0,8
1312b,R3,ANG,ANG17,2,7
1312c,R1,ANG,ANG21,1,none
1312c,R1,CON,NEU5,7,0
1312c,R1,CON,NEU3,7,1
1312c,R1,ANG,ANG12,1,7
1312c,R1,CON,NEU2,6,2
1312c,R1,ANG,ANG3,0,8
1312c,R1,ANG,ANG20,0,6
1312c,R1,CON,NEU22,6,0
1312c,R2,CON,NEU16,7,1
1312c,R2,ANG,ANG8,1,6
1312c,R2,ANG,ANG30,1,7
1312c,R2,CON,NEU26,6,none
1312c,R2,CON,NEU25,6,2
1312c,R2,ANG,ANG9,2,7
1312c,R2,CON,NEU4,none,1
1312c,R2,ANG,ANG6,1,7
1312c,R3,CON,NEU17,7,3
1312c,R3,ANG,ANG25,1,8
1312c,R3,CON,NEU27,none,0
1312c,R3,CON,NEU10,6,none
1312c,R3,ANG,ANG7,3,4
1312c,R3,CON,NEU18,8,3
1312c,R3,ANG,ANG1,2,6
1312c,R3,ANG,ANG17,4,4
1312d,R1,ANG,ANG21,0,9
1312d,R1,CON,NEU5,8,0
1312d,R1,CON,NEU3,7,1
1312d,R1,ANG,ANG12,0,7
1312d,R1,CON,NEU2,8,4
1312d,R1,ANG,ANG3,0,10
1312d,R1,ANG,ANG20,0,10
1312d,R1,CON,NEU22,none,none
1312d,R2,CON,NEU16,7,none
1312d,R2,ANG,ANG8,0,7
1312d,R2,ANG,ANG30,2,6
1312d,R2,CON,NEU26,6,none
1312d,R2,CON,NEU25,none,none
1312d,R2,ANG,ANG9,2,7
1312d,R2,CON,NEU4,none,none
1312d,R2,ANG,ANG6,0,10
1312d,R3,CON,NEU17,6,none
1312d,R3,ANG,ANG25,0,10
1312d,R3,CON,NEU27,none,3
1312d,R3,CON,NEU10,6,3
1312d,R3,ANG,ANG7,0,10
1312d,R3,CON,NEU18,7,6
1312d,R3,ANG,ANG1,none,none
1312d,R3,ANG,ANG17,6,6
1312h,R1,ANG,ANG21,0,10
1312h,R1,CON,NEU5,7,2
1312h,R1,CON,NEU3,7,1
1312h,R1,ANG,ANG12,1,9
1312h,R1,CON,NEU2,6,0
1312h,R1,ANG,ANG3,0,10
1312h,R1,ANG,ANG20,0,9
1312h,R1,CON,NEU22,6,0
1312h,R2,CON,NEU16,7,1
1312h,R2,ANG,ANG8,0,10
1312h,R2,ANG,ANG30,0,9
1312h,R2,CON,NEU26,6,0
1312h,R2,CON,NEU25,5,0
1312h,R2,ANG,ANG9,2,9
1312h,R2,CON,NEU4,none,0
1312h,R2,ANG,ANG6,1,9
1312h,R3,CON,NEU17,7,1
1312h,R3,ANG,ANG25,0,10
1312h,R3,CON,NEU27,none,0
1312h,R3,CON,NEU10,7,1
1312h,R3,ANG,ANG7,1,10
1312h,R3,CON,NEU18,none,0
1312h,R3,ANG,ANG1,0,9
1312h,R3,ANG,ANG17,0,10
1312i,R1,ANG,ANG21,0,10
1312i,R1,CON,NEU5,8,2
1312i,R1,CON,NEU3,7,3
1312i,R1,ANG,ANG12,1,7
1312i,R1,CON,NEU2,6,6
1312i,R1,ANG,ANG3,0,7
1312i,R1,ANG,ANG20,0,8
1312i,R1,CON,NEU22,none,none
1312i,R2,CON,NEU16,6,6
1312i,R2,ANG,ANG8,2,7
1312i,R2,ANG,ANG30,2,7
1312i,R2,CON,NEU26,6,none
1312i,R2,CON,NEU25,none,none
1312i,R2,ANG,ANG9,4,6
1312i,R2,CON,NEU4,none,none
1312i,R2,ANG,ANG6,0,8
1312i,R3,CON,NEU17,none,none
1312i,R3,ANG,ANG25,1,7
1312i,R3,CON,NEU27,6,none
1312i,R3,CON,NEU10,6,none
1312i,R3,ANG,ANG7,3,6
1312i,R3,CON,NEU18,6,none
1312i,R3,ANG,ANG1,3,6
1312i,R3,ANG,ANG17,3,6
1412a,R1,ANG,ANG21,3,6
1412a,R1,CON,NEU5,7,6
1412a,R1,CON,NEU3,6,4
1412a,R1,ANG,ANG12,3,4
1412a,R1,CON,NEU2,7,4
1412a,R1,ANG,ANG3,2,7
1412a,R1,ANG,ANG20,2,8
1412a,R1,CON,NEU22,6,4
1412a,R2,CON,NEU16,7,4
1412a,R2,ANG,ANG8,1,8
1412a,R2,ANG,ANG30,1,7
1412a,R2,CON,NEU26,7,6
1412a,R2,CON,NEU25,6,4
1412a,R2,ANG,ANG9,2,7
1412a,R2,CON,NEU4,7,4
1412a,R2,ANG,ANG6,7,4
1412a,R3,CON,NEU17,8,8
1412a,R3,ANG,ANG25,3,6
1412a,R3,CON,NEU27,7,4
1412a,R3,CON,NEU10,4,4
1412a,R3,ANG,ANG7,3,4
1412a,R3,CON,NEU18,7,4
1412a,R3,ANG,ANG1,6,3
1412a,R3,ANG,ANG17,8,3
1412b,R1,ANG,ANG21,0,7
1412b,R1,CON,NEU5,6,0
1412b,R1,CON,NEU3,6,1
1412b,R1,ANG,ANG12,0,7
1412b,R1,CON,NEU2,7,0
1412b,R1,ANG,ANG3,0,6
1412b,R1,ANG,ANG20,0,7
1412b,R1,CON,NEU22,4,0
1412b,R2,CON,NEU16,8,2
1412b,R2,ANG,ANG8,0,7
1412b,R2,ANG,ANG30,0,8
1412b,R2,CON,NEU26,6,2
1412b,R2,CON,NEU25,6,0
1412b,R2,ANG,ANG9,4,1
1412b,R2,CON,NEU4,5,0
1412b,R2,ANG,ANG6,0,7
1412b,R3,CON,NEU17,6,0
1412b,R3,ANG,ANG25,0,7
1412b,R3,CON,NEU27,5,1
1412b,R3,CON,NEU10,6,0
1412b,R3,ANG,ANG7,1,6
1412b,R3,CON,NEU18,9,7
1412b,R3,ANG,ANG1,0,8
1412b,R3,ANG,ANG17,3,7
1412d,R1,HOP,HOP22,10,7
1412d,R1,CON,NEU5,6,none
1412d,R1,CON,NEU3,8,6
1412d,R1,HOP,HOP19,9,none
1412d,R1,CON,NEU2,7,6
1412d,R1,HOP,HOP7,10,6
1412d,R1,HOP,HOP15,8,6
1412d,R1,CON,NEU22,4,7
1412d,R2,CON,NEU16,7,none
1412d,R2,HOP,HOP23,6,none
1412d,R2,HOP,HOP13,7,6
1412d,R2,CON,NEU26,none,3
1412d,R2,CON,NEU25,6,3
1412d,R2,HOP,HOP5,7,6
1412d,R2,CON,NEU4,none,2
1412d,R2,HOP,HOP26,9,6
1412d,R3,CON,NEU17,none,1
1412d,R3,HOP,HOP17,8,6
1412d,R3,CON,NEU27,4,6
1412d,R3,CON,NEU10,6,2
1412d,R3,HOP,HOP16,6,1
1412d,R3,CON,NEU18,7,4
1412d,R3,HOP,HOP11,8,6
1412d,R3,HOP,HOP27,8,6
1412e,R1,HOP,HOP22,9,8
1412e,R1,CON,NEU5,5,4
1412e,R1,CON,NEU3,4,6
1412e,R1,HOP,HOP19,7,6
1412e,R1,CON,NEU2,7,3
1412e,R1,HOP,HOP7,2,7
1412e,R1,HOP,HOP15,7,6
1412e,R1,CON,NEU22,6,6
1412e,R2,CON,NEU16,7,4
1412e,R2,HOP,HOP23,9,8
1412e,R2,HOP,HOP13,6,4
1412e,R2,CON,NEU26,4,6
1412e,R2,CON,NEU25,6,2
1412e,R2,HOP,HOP5,8,6
1412e,R2,CON,NEU4,6,6
1412e,R2,HOP,HOP26,9,8
1412e,R3,CON,NEU17,6,3
1412e,R3,HOP,HOP17,7,2
1412e,R3,CON,NEU27,6,3
1412e,R3,CON,NEU10,4,6
1412e,R3,HOP,HOP16,7,6
1412e,R3,CON,NEU18,7,6
1412e,R3,HOP,HOP11,8,6
1412e,R3,HOP,HOP27,7,6
1412g,R1,HOP,HOP22,10,6
1412g,R1,CON,NEU5,6,1
1412g,R1,CON,NEU3,10,6
1412g,R1,HOP,HOP19,9,6
1412g,R1,CON,NEU2,6,2
1412g,R1,HOP,HOP7,10,7
1412g,R1,HOP,HOP15,10,7
1412g,R1,CON,NEU22,9,6
1412g,R2,CON,NEU16,7,6
1412g,R2,HOP,HOP23,10,7
1412g,R2,HOP,HOP13,4,7
1412g,R2,CON,NEU26,7,3
1412g,R2,CON,NEU25,7,3
1412g,R2,HOP,HOP5,8,6
1412g,R2,CON,NEU4,none,4
1412g,R2,HOP,HOP26,9,7
1412g,R3,CON,NEU17,8,7
1412g,R3,HOP,HOP17,9,7
1412g,R3,CON,NEU27,4,6
1412g,R3,CON,NEU10,6,none
1412g,R3,HOP,HOP16,10,6
1412g,R3,CON,NEU18,6,4
1412g,R3,HOP,HOP11,9,7
1412g,R3,HOP,HOP27,8,6
1412h,R1,HOP,HOP22,6,3
1412h,R1,CON,NEU5,7,6
1412h,R1,CON,NEU3,6,3
1412h,R1,HOP,HOP19,7,7
1412h,R1,CON,NEU2,6,2
1412h,R1,HOP,HOP7,6,none
1412h,R1,HOP,HOP15,7,6
1412h,R1,CON,NEU22,none,1
1412h,R2,CON,NEU16,6,3
1412h,R2,HOP,HOP23,9,6
1412h,R2,HOP,HOP13,7,6
1412h,R2,CON,NEU26,6,3
1412h,R2,CON,NEU25,4,6
1412h,R2,HOP,HOP5,7,4
1412h,R2,CON,NEU4,none,2
1412h,R2,HOP,HOP26,7,6
1412h,R3,CON,NEU17,6,3
1412h,R3,HOP,HOP17,8,6
1412h,R3,CON,NEU27,6,2
1412h,R3,CON,NEU10,6,2
1412h,R3,HOP,HOP16,7,6
1412h,R3,CON,NEU18,9,7
1412h,R3,HOP,HOP11,6,6
1412h,R3,HOP,HOP27,10,7
1412i,R1,HOP,HOP22,8,8
1412i,R1,CON,NEU5,9,9
1412i,R1,CON,NEU3,3,7
1412i,R1,HOP,HOP19,7,7
1412i,R1,CON,NEU2,8,8
1412i,R1,HOP,HOP7,10,9
1412i,R1,HOP,HOP15,8,7
1412i,R1,CON,NEU22,4,2
1412i,R2,CON,NEU16,7,7
1412i,R2,HOP,HOP23,9,9
1412i,R2,HOP,HOP13,7,7
1412i,R2,CON,NEU26,6,4
1412i,R2,CON,NEU25,6,4
1412i,R2,HOP,HOP5,9,9
1412i,R2,CON,NEU4,4,3
1412i,R2,HOP,HOP26,8,7
1412i,R3,CON,NEU17,6,4
1412i,R3,HOP,HOP17,7,7
1412i,R3,CON,NEU27,6,3
1412i,R3,CON,NEU10,6,6
1412i,R3,HOP,HOP16,9,8
1412i,R3,CON,NEU18,6,3
1412i,R3,HOP,HOP11,7,4
1412i,R3,HOP,HOP27,9,10
1512a,R1,NEU,NEU24,9,9
1512a,R1,CON,NEU5,7,2
1512a,R1,CON,NEU3,0,8
1512a,R1,NEU,NEU6,7,4
1512a,R1,CON,NEU2,3,9
1512a,R1,NEU,NEU12,7,7
1512a,R1,NEU,NEU30,7,8
1512a,R1,CON,NEU22,2,10
1512a,R2,CON,NEU16,9,9
1512a,R2,NEU,NEU14,10,4
1512a,R2,NEU,NEU15,6,3
1512a,R2,CON,NEU26,9,8
1512a,R2,CON,NEU25,6,3
1512a,R2,NEU,NEU29,4,10
1512a,R2,CON,NEU4,6,3
1512a,R2,NEU,NEU21,7,8
1512a,R3,CON,NEU17,7,4
1512a,R3,NEU,NEU1,8,9
1512a,R3,CON,NEU27,9,6
1512a,R3,CON,NEU10,7,none
1512a,R3,NEU,NEU11,7,none
1512a,R3,CON,NEU18,8,7
1512a,R3,NEU,NEU23,7,8
1512a,R3,NEU,NEU9,7,6
1512b,R1,NEU,NEU24,7,none
1512b,R1,CON,NEU5,6,none
1512b,R1,CON,NEU3,7,none
1512b,R1,NEU,NEU6,none,4
1512b,R1,CON,NEU2,none,none
1512b,R1,NEU,NEU12,7,6
1512b,R1,NEU,NEU30,none,none
1512b,R1,CON,NEU22,none,4
1512b,R2,CON,NEU16,6,none
1512b,R2,NEU,NEU14,7,none
1512b,R2,NEU,NEU15,none,6
1512b,R2,CON,NEU26,6,none
1512b,R2,CON,NEU25,none,4
1512b,R2,NEU,NEU29,6,none
1512b,R2,CON,NEU4,none,3
1512b,R2,NEU,NEU21,6,4
1512b,R3,CON,NEU17,6,none
1512b,R3,NEU,NEU1,6,3
1512b,R3,CON,NEU27,none,1
1512b,R3,CON,NEU10,none,3
1512b,R3,NEU,NEU11,7,none
1512b,R3,CON,NEU18,6,none
1512b,R3,NEU,NEU23,3,none
1512b,R3,NEU,NEU9,none,3
1512c,R1,NEU,NEU24,6,1
1512c,R1,CON,NEU5,7,3
1512c,R1,CON,NEU3,8,3
1512c,R1,NEU,NEU6,4,1
1512c,R1,CON,NEU2,7,2
1512c,R1,NEU,NEU12,7,1
1512c,R1,NEU,NEU30,7,2
1512c,R1,CON,NEU22,7,4
1512c,R2,CON,NEU16,7,2
1512c,R2,NEU,NEU14,8,3
1512c,R2,NEU,NEU15,none,3
1512c,R2,CON,NEU26,7,3
1512c,R2,CON,NEU25,6,3
1512c,R2,NEU,NEU29,7,3
1512c,R2,CON,NEU4,6,4
1512c,R2,NEU,NEU21,7,4
1512c,R3,CON,NEU17,6,4
1512c,R3,NEU,NEU1,none,3
1512c,R3,CON,NEU27,none,none
1512c,R3,CON,NEU10,5,4
1512c,R3,NEU,NEU11,6,none
1512c,R3,CON,NEU18,6,6
1512c,R3,NEU,NEU23,6,5
1512c,R3,NEU,NEU9,6,6
1512d,R1,NEU,NEU24,6,4
1512d,R1,CON,NEU5,7,none
1512d,R1,CON,NEU3,8,6
1512d,R1,NEU,NEU6,7,7
1512d,R1,CON,NEU2,8,6
1512d,R1,NEU,NEU12,9,8
1512d,R1,NEU,NEU30,8,8
1512d,R1,CON,NEU22,10,8
1512d,R2,CON,NEU16,none,none
1512d,R2,NEU,NEU14,4,6
1512d,R2,NEU,NEU15,6,6
1512d,R2,CON,NEU26,7,4
1512d,R2,CON,NEU25,9,5
1512d,R2,NEU,NEU29,8,6
1512d,R2,CON,NEU4,none,none
1512d,R2,NEU,NEU21,7,4
1512d,R3,CON,NEU17,8,7
1512d,R3,NEU,NEU1,8,6
1512d,R3,CON,NEU27,9,5
1512d,R3,CON,NEU10,8,7
1512d,R3,NEU,NEU11,none,4
1512d,R3,CON,NEU18,7,6
1512d,R3,NEU,NEU23,10,9
1512d,R3,NEU,NEU9,7,7
1512e,R1,NEU,NEU24,5,0
1512e,R1,CON,NEU5,6,0
1512e,R1,CON,NEU3,6,0
1512e,R1,NEU,NEU6,6,0
1512e,R1,CON,NEU2,6,0
1512e,R1,NEU,NEU12,none,0
1512e,R1,NEU,NEU30,none,0
1512e,R1,CON,NEU22,none,0
1512e,R2,CON,NEU16,6,0
1512e,R2,NEU,NEU14,6,0
1512e,R2,NEU,NEU15,5,0
1512e,R2,CON,NEU26,none,0
1512e,R2,CON,NEU25,none,0
1512e,R2,NEU,NEU29,4,1
1512e,R2,CON,NEU4,none,0
1512e,R2,NEU,NEU21,4,0
1512e,R3,CON,NEU17,6,0
1512e,R3,NEU,NEU1,none,0
1512e,R3,CON,NEU27,none,0
1512e,R3,CON,NEU10,none,0
1512e,R3,NEU,NEU11,none,0
1512e,R3,CON,NEU18,none,0
1512e,R3,NEU,NEU23,none,0
1512e,R3,NEU,NEU9,none,0
1512f,R1,NEU,NEU24,6,1
1512f,R1,CON,NEU5,7,6
1512f,R1,CON,NEU3,3,7
1512f,R1,NEU,NEU6,4,6
1512f,R1,CON,NEU2,8,7
1512f,R1,NEU,NEU12,9,8
1512f,R1,NEU,NEU30,6,2
1512f,R1,CON,NEU22,7,7
1512f,R2,CON,NEU16,6,3
1512f,R2,NEU,NEU14,8,8
1512f,R2,NEU,NEU15,6,9
1512f,R2,CON,NEU26,7,7
1512f,R2,CON,NEU25,3,7
1512f,R2,NEU,NEU29,8,7
1512f,R2,CON,NEU4,none,2
1512f,R2,NEU,NEU21,8,8
1512f,R3,CON,NEU17,5,8
1512f,R3,NEU,NEU1,2,9
1512f,R3,CON,NEU27,none,3
1512f,R3,CON,NEU10,none,2
1512f,R3,NEU,NEU11,6,7
1512f,R3,CON,NEU18,7,7
1512f,R3,NEU,NEU23,3,8
1512f,R3,NEU,NEU9,5,6
1512g,R1,NEU,NEU24,6,3
1512g,R1,CON,NEU5,8,7
1512g,R1,CON,NEU3,9,3
1512g,R1,NEU,NEU6,4,0
1512g,R1,CON,NEU2,7,4
1512g,R1,NEU,NEU12,6,9
1512g,R1,NEU,NEU30,6,3
1512g,R1,CON,NEU22,7,3
1512g,R2,CON,NEU16,10,8
1512g,R2,NEU,NEU14,9,7
1512g,R2,NEU,NEU15,1,4
1512g,R2,CON,NEU26,7,9
1512g,R2,CON,NEU25,4,0
1512g,R2,NEU,NEU29,7,1
1512g,R2,CON,NEU4,6,0
1512g,R2,NEU,NEU21,7,8
1512g,R3,CON,NEU17,8,4
1512g,R3,NEU,NEU1,none,3
1512g,R3,CON,NEU27,7,1
1512g,R3,CON,NEU10,6,3
1512g,R3,NEU,NEU11,8,8
1512g,R3,CON,NEU18,7,4
1512g,R3,NEU,NEU23,2,7
1512g,R3,NEU,NEU9,6,3
1512h,R1,NEU,NEU24,6,4
1512h,R1,CON,NEU5,6,3
1512h,R1,CON,NEU3,6,3
1512h,R1,NEU,NEU6,none,4
1512h,R1,CON,NEU2,6,4
1512h,R1,NEU,NEU12,6,4
1512h,R1,NEU,NEU30,6,4
1512h,R1,CON,NEU22,none,4
1512h,R2,CON,NEU16,6,4
1512h,R2,NEU,NEU14,6,4
1512h,R2,NEU,NEU15,4,4
1512h,R2,CON,NEU26,6,4
1512h,R2,CON,NEU25,none,4
1512h,R2,NEU,NEU29,none,4
1512h,R2,CON,NEU4,none,4
1512h,R2,NEU,NEU21,6,4
1512h,R3,CON,NEU17,none,4
1512h,R3,NEU,NEU1,6,4
1512h,R3,CON,NEU27,none,3
1512h,R3,CON,NEU10,4,4
1512h,R3,NEU,NEU11,6,4
1512h,R3,CON,NEU18,6,none
1512h,R3,NEU,NEU23,3,4
1512h,R3,NEU,NEU9,4,4
1512i,R1,NEU,NEU24,7,2
1512i,R1,CON,NEU5,8,3
1512i,R1,CON,NEU3,10,7
1512i,R1,NEU,NEU6,6,2
1512i,R1,CON,NEU2,6,2
1512i,R1,NEU,NEU12,8,7
1512i,R1,NEU,NEU30,9,8
1512i,R1,CON,NEU22,7,6
1512i,R2,CON,NEU16,4,2
1512i,R2,NEU,NEU14,7,6
1512i,R2,NEU,NEU15,6,4
1512i,R2,CON,NEU26,9,7
1512i,R2,CON,NEU25,7,3
1512i,R2,NEU,NEU29,6,6
1512i,R2,CON,NEU4,none,3
1512i,R2,NEU,NEU21,4,7
1512i,R3,CON,NEU17,6,3
1512i,R3,NEU,NEU1,4,4
1512i,R3,CON,NEU27,6,2
1512i,R3,CON,NEU10,8,7
1512i,R3,NEU,NEU11,4,6
1512i,R3,CON,NEU18,8,6
1512i,R3,NEU,NEU23,3,7
1512i,R3,NEU,NEU9,4,7
1612b,R1,ANG,ANG21,3,7
1612b,R1,CON,NEU5,6,6
1612b,R1,CON,NEU3,4,6
1612b,R1,ANG,ANG12,4,6
1612b,R1,CON,NEU2,6,2
1612b,R1,ANG,ANG3,3,6
1612b,R1,ANG,ANG20,3,6
1612b,R1,CON,NEU22,6,2
1612b,R2,CON,NEU16,6,3
1612b,R2,ANG,ANG8,3,7
1612b,R2,ANG,ANG30,2,7
1612b,R2,CON,NEU26,6,4
1612b,R2,CON,NEU25,none,4
1612b,R2,ANG,ANG9,4,6
1612b,R2,CON,NEU4,4,4
1612b,R2,ANG,ANG6,3,7
1612b,R3,CON,NEU17,7,4
1612b,R3,ANG,ANG25,3,6
1612b,R3,CON,NEU27,6,none
1612b,R3,CON,NEU10,6,4
1612b,R3,ANG,ANG7,3,7
1612b,R3,CON,NEU18,6,6
1612b,R3,ANG,ANG1,3,8
1612b,R3,ANG,ANG17,6,4
1612c,R1,NEU,NEU24,6,none
1612c,R1,CON,NEU5,none,6
1612c,R1,CON,NEU3,4,6
1612c,R1,NEU,NEU6,6,6
1612c,R1,CON,NEU2,6,6
1612c,R1,NEU,NEU12,6,6
1612c,R1,NEU,NEU30,none,6
1612c,R1,CON,NEU22,none,6
1612c,R2,CON,NEU16,none,6
1612c,R2,NEU,NEU14,6,6
1612c,R2,NEU,NEU15,none,6
1612c,R2,CON,NEU26,6,6
1612c,R2,CON,NEU25,none,6
1612c,R2,NEU,NEU29,6,6
1612c,R2,CON,NEU4,none,6
1612c,R2,NEU,NEU21,6,6
1612c,R3,CON,NEU17,6,6
1612c,R3,NEU,NEU1,none,6
1612c,R3,CON,NEU27,5,6
1612c,R3,CON,NEU10,none,none
1612c,R3,NEU,NEU11,6,none
1612c,R3,CON,NEU18,6,4
1612c,R3,NEU,NEU23,4,4
1612c,R3,NEU,NEU9,5,4
1612e,R1,ANG,ANG21,2,6
1612e,R1,CON,NEU5,7,2
1612e,R1,CON,NEU3,6,1
1612e,R1,ANG,ANG12,3,6
1612e,R1,CON,NEU2,7,1
1612e,R1,ANG,ANG3,2,7
1612e,R1,ANG,ANG20,1,7
1612e,R1,CON,NEU22,6,1
1612e,R2,CON,NEU16,7,2
1612e,R2,ANG,ANG8,1,8
1612e,R2,ANG,ANG30,2,8
1612e,R2,CON,NEU26,6,3
1612e,R2,CON,NEU25,6,2
1612e,R2,ANG,ANG9,3,6
1612e,R2,CON,NEU4,6,2
1612e,R2,ANG,ANG6,0,8
1612e,R3,CON,NEU17,7,2
1612e,R3,ANG,ANG25,1,7
1612e,R3,CON,NEU27,7,1
1612e,R3,CON,NEU10,8,3
1612e,R3,ANG,ANG7,1,6
1612e,R3,CON,NEU18,8,7
1612e,R3,ANG,ANG1,3,3
1612e,R3,ANG,ANG17,4,6
1612f,R1,HOP,HOP22,7,1
1612f,R1,CON,NEU5,7,0
1612f,R1,CON,NEU3,3,2
1612f,R1,HOP,HOP19,8,0
1612f,R1,CON,NEU2,6,1
1612f,R1,HOP,HOP7,6,1
1612f,R1,HOP,HOP15,9,2
1612f,R1,CON,NEU22,1,7
1612f,R2,CON,NEU16,9,3
1612f,R2,HOP,HOP23,8,2
1612f,R2,HOP,HOP13,4,6
1612f,R2,CON,NEU26,9,4
1612f,R2,CON,NEU25,4,4
1612f,R2,HOP,HOP5,10,6
1612f,R2,CON,NEU4,7,4
1612f,R2,HOP,HOP26,10,7
1612f,R3,CON,NEU17,7,1
1612f,R3,HOP,HOP17,7,4
1612f,R3,CON,NEU27,3,6
1612f,R3,CON,NEU10,0,6
1612f,R3,HOP,HOP16,3,7
1612f,R3,CON,NEU18,6,1
1612f,R3,HOP,HOP11,10,7
1612f,R3,HOP,HOP27,10,7
1612g,R1,NEU,NEU24,6,4
1612g,R1,CON,NEU5,6,4
1612g,R1,CON,NEU3,4,4
1612g,R1,NEU,NEU6,3,6
1612g,R1,CON,NEU2,7,2
1612g,R1,NEU,NEU12,8,2
1612g,R1,NEU,NEU30,9,2
1612g,R1,CON,NEU22,8,2
1612g,R2,CON,NEU16,7,2
1612g,R2,NEU,NEU14,7,2
1612g,R2,NEU,NEU15,6,3
1612g,R2,CON,NEU26,4,4
1612g,R2,CON,NEU25,none,4
1612g,R2,NEU,NEU29,7,2
1612g,R2,CON,NEU4,7,1
1612g,R2,NEU,NEU21,8,2
1612g,R3,CON,NEU17,8,1
1612g,R3,NEU,NEU1,7,2
1612g,R3,CON,NEU27,7,2
1612g,R3,CON,NEU10,7,3
1612g,R3,NEU,NEU11,6,2
1612g,R3,CON,NEU18,9,2
1612g,R3,NEU,NEU23,4,2
1612g,R3,NEU,NEU9,7,1
1612h,R1,NEU,NEU24,6,0
1612h,R1,CON,NEU5,8,4
1612h,R1,CON,NEU3,6,4
1612h,R1,NEU,NEU6,6,0
1612h,R1,CON,NEU2,6,2
1612h,R1,NEU,NEU12,7,6
1612h,R1,NEU,NEU30,6,4
1612h,R1,CON,NEU22,6,4
1612h,R2,CON,NEU16,7,4
1612h,R2,NEU,NEU14,7,none
1612h,R2,NEU,NEU15,5,4
1612h,R2,CON,NEU26,7,4
1612h,R2,CON,NEU25,6,2
1612h,R2,NEU,NEU29,7,6
1612h,R2,CON,NEU4,none,none
1612h,R2,NEU,NEU21,6,2
1612h,R3,CON,NEU17,7,4
1612h,R3,NEU,NEU1,6,4
1612h,R3,CON,NEU27,none,2
1612h,R3,CON,NEU10,8,7
1612h,R3,NEU,NEU11,6,6
1612h,R3,CON,NEU18,7,6
1612h,R3,NEU,NEU23,4,4
1612h,R3,NEU,NEU9,6,7
1612i,R1,ANG,ANG21,3,3
1612i,R1,CON,NEU5,6,0
1612i,R1,CON,NEU3,6,5
1612i,R1,ANG,ANG12,4,3
1612i,R1,CON,NEU2,6,0
1612i,R1,ANG,ANG3,1,7
1612i,R1,ANG,ANG20,4,6
1612i,R1,CON,NEU22,6,0
1612i,R2,CON,NEU16,6,0
1612i,R2,ANG,ANG8,2,7
1612i,R2,ANG,ANG30,2,7
1612i,R2,CON,NEU26,6,0
1612i,R2,CON,NEU25,6,0
1612i,R2,ANG,ANG9,4,6
1612i,R2,CON,NEU4,6,0
1612i,R2,ANG,ANG6,3,6
1612i,R3,CON,NEU17,6,1
1612i,R3,ANG,ANG25,1,9
1612i,R3,CON,NEU27,6,0
1612i,R3,CON,NEU10,6,0
1612i,R3,ANG,ANG7,2,8
1612i,R3,CON,NEU18,6,0
1612i,R3,ANG,ANG1,1,7
1612i,R3,ANG,ANG17,4,6
1712c,R1,HOP,HOP22,4,2
1712c,R1,CON,NEU5,7,4
1712c,R1,CON,NEU3,4,1
1712c,R1,HOP,HOP19,2,7
1712c,R1,CON,NEU2,7,4
1712c,R1,HOP,HOP7,7,6
1712c,R1,HOP,HOP15,6,6
1712c,R1,CON,NEU22,6,7
1712c,R2,CON,NEU16,8,7
1712c,R2,HOP,HOP23,6,4
1712c,R2,HOP,HOP13,7,6
1712c,R2,CON,NEU26,4,6
1712c,R2,CON,NEU25,6,6
1712c,R2,HOP,HOP5,8,6
1712c,R2,CON,NEU4,none,6
1712c,R2,HOP,HOP26,9,7
1712c,R3,CON,NEU17,8,6
1712c,R3,HOP,HOP17,6,6
1712c,R3,CON,NEU27,6,3
1712c,R3,CON,NEU10,4,6
1712c,R3,HOP,HOP16,4,6
1712c,R3,CON,NEU18,8,7
1712c,R3,HOP,HOP11,6,7
1712c,R3,HOP,HOP27,10,7
1712d,R1,HOP,HOP22,10,9
1712d,R1,CON,NEU5,6,0
1712d,R1,CON,NEU3,9,8
1712d,R1,HOP,HOP19,8,6
1712d,R1,CON,NEU2,6,1
1712d,R1,HOP,HOP7,9,8
1712d,R1,HOP,HOP15,10,10
1712d,R1,CON,NEU22,none,0
1712d,R2,CON,NEU16,9,7
1712d,R2,HOP,HOP23,10,10
1712d,R2,HOP,HOP13,10,9
1712d,R2,CON,NEU26,6,1
1712d,R2,CON,NEU25,none,1
1712d,R2,HOP,HOP5,10,10
1712d,R2,CON,NEU4,none,0
1712d,R2,HOP,HOP26,10,10
1712d,R3,CON,NEU17,4,1
1712d,R3,HOP,HOP17,10,9
1712d,R3,CON,NEU27,4,2
1712d,R3,CON,NEU10,8,2
1712d,R3,HOP,HOP16,10,10
1712d,R3,CON,NEU18,9,2
1712d,R3,HOP,HOP11,10,8
1712d,R3,HOP,HOP27,10,10
1712e,R1,HOP,HOP22,10,9
1712e,R1,CON,NEU5,8,7
1712e,R1,CON,NEU3,8,3
1712e,R1,HOP,HOP19,7,4
1712e,R1,CON,NEU2,9,3
1712e,R1,HOP,HOP7,7,7
1712e,R1,HOP,HOP15,10,7
1712e,R1,CON,NEU22,10,2
1712e,R2,CON,NEU16,7,2
1712e,R2,HOP,HOP23,10,7
1712e,R2,HOP,HOP13,10,9
1712e,R2,CON,NEU26,9,4
1712e,R2,CON,NEU25,7,2
1712e,R2,HOP,HOP5,10,10
1712e,R2,CON,NEU4,6,0
1712e,R2,HOP,HOP26,10,7
1712e,R3,CON,NEU17,9,0
1712e,R3,HOP,HOP17,10,7
1712e,R3,CON,NEU27,6,1
1712e,R3,CON,NEU10,6,1
1712e,R3,HOP,HOP16,10,7
1712e,R3,CON,NEU18,7,7
1712e,R3,HOP,HOP11,9,9
1712e,R3,HOP,HOP27,10,8
1712f,R1,HOP,HOP22,6,3
1712f,R1,CON,NEU5,8,3
1712f,R1,CON,NEU3,8,2
1712f,R1,HOP,HOP19,none,2
1712f,R1,CON,NEU2,none,1
1712f,R1,HOP,HOP7,none,3
1712f,R1,HOP,HOP15,8,4
1712f,R1,CON,NEU22,none,0
1712f,R2,CON,NEU16,7,4
1712f,R2,HOP,HOP23,8,6
1712f,R2,HOP,HOP13,7,5
1712f,R2,CON,NEU26,7,2
1712f,R2,CON,NEU25,6,1
1712f,R2,HOP,HOP5,6,4
1712f,R2,CON,NEU4,none,0
1712f,R2,HOP,HOP26,6,1
1712f,R3,CON,NEU17,6,4
1712f,R3,HOP,HOP17,8,none
1712f,R3,CON,NEU27,6,2
1712f,R3,CON,NEU10,8,none
1712f,R3,HOP,HOP16,8,6
1712f,R3,CON,NEU18,7,4
1712f,R3,HOP,HOP11,7,none
1712f,R3,HOP,HOP27,8,6
1712g,R1,HOP,HOP22,9,4
1712g,R1,CON,NEU5,6,1
1712g,R1,CON,NEU3,9,7
1712g,R1,HOP,HOP19,8,6
1712g,R1,CON,NEU2,none,1
1712g,R1,HOP,HOP7,10,7
1712g,R1,HOP,HOP15,9,9
1712g,R1,CON,NEU22,none,1
1712g,R2,CON,NEU16,7,2
1712g,R2,HOP,HOP23,9,7
1712g,R2,HOP,HOP13,8,9
1712g,R2,CON,NEU26,9,7
1712g,R2,CON,NEU25,6,2
1712g,R2,HOP,HOP5,10,7
1712g,R2,CON,NEU4,7,0
1712g,R2,HOP,HOP26,10,10
1712g,R3,CON,NEU17,7,3
1712g,R3,HOP,HOP17,7,4
1712g,R3,CON,NEU27,6,2
1712g,R3,CON,NEU10,6,2
1712g,R3,HOP,HOP16,9,4
1712g,R3,CON,NEU18,8,3
1712g,R3,HOP,HOP11,8,7
1712g,R3,HOP,HOP27,10,8
1712h,R1,ANG,ANG21,2,7
1712h,R1,CON,NEU5,10,7
1712h,R1,CON,NEU3,7,6
1712h,R1,ANG,ANG12,2,7
1712h,R1,CON,NEU2,4,6
1712h,R1,ANG,ANG3,0,10
1712h,R1,ANG,ANG20,2,4
1712h,R1,CON,NEU22,7,7
1712h,R2,CON,NEU16,7,6
1712h,R2,ANG,ANG8,3,7
1712h,R2,ANG,ANG30,10,none
1712h,R2,CON,NEU26,3,7
1712h,R2,CON,NEU25,6,3
1712h,R2,ANG,ANG9,9,3
1712h,R2,CON,NEU4,3,7
1712h,R2,ANG,ANG6,3,7
1712h,R3,CON,NEU17,3,7
1712h,R3,ANG,ANG25,2,7
1712h,R3,CON,NEU27,none,0
1712h,R3,CON,NEU10,6,6
1712h,R3,ANG,ANG7,3,6
1712h,R3,CON,NEU18,9,7
1712h,R3,ANG,ANG1,3,3
1712h,R3,ANG,ANG17,2,7
1712i,R1,ANG,ANG21,3,6
1712i,R1,CON,NEU5,6,6
1712i,R1,CON,NEU3,6,6
1712i,R1,ANG,ANG12,4,6
1712i,R1,CON,NEU2,6,none
1712i,R1,ANG,ANG3,3,6
1712i,R1,ANG,ANG20,3,6
1712i,R1,CON,NEU22,none,none
1712i,R2,CON,NEU16,7,6
1712i,R2,ANG,ANG8,3,6
1712i,R2,ANG,ANG30,4,none
1712i,R2,CON,NEU26,none,none
1712i,R2,CON,NEU25,none,none
1712i,R2,ANG,ANG9,3,6
1712i,R2,CON,NEU4,none,none
1712i,R2,ANG,ANG6,4,6
1712i,R3,CON,NEU17,none,none
1712i,R3,ANG,ANG25,2,7
1712i,R3,CON,NEU27,none,none
1712i,R3,CON,NEU10,none,none
1712i,R3,ANG,ANG7,3,6
1712i,R3,CON,NEU18,7,none
1712i,R3,ANG,ANG1,4,none
1712i,R3,ANG,ANG17,5,none
1812a,R1,ANG,ANG21,4,3
1812a,R1,CON,NEU5,none,2
1812a,R1,CON,NEU3,6,2
1812a,R1,ANG,ANG12,4,3
1812a,R1,CON,NEU2,none,2
1812a,R1,ANG,ANG3,4,3
1812a,R1,ANG,ANG20,4,4
1812a,R1,CON,NEU22,6,3
1812a,R2,CON,NEU16,6,3
1812a,R2,ANG,ANG8,3,none
1812a,R2,ANG,ANG30,3,none
1812a,R2,CON,NEU26,6,3
1812a,R2,CON,NEU25,none,3
1812a,R2,ANG,ANG9,none,3
1812a,R2,CON,NEU4,none,3
1812a,R2,ANG,ANG6,4,4
1812a,R3,CON,NEU17,none,3
1812a,R3,ANG,ANG25,3,4
1812a,R3,CON,NEU27,none,3
1812a,R3,CON,NEU10,none,3
1812a,R3,ANG,ANG7,4,4
1812a,R3,CON,NEU18,none,3
1812a,R3,ANG,ANG1,4,4
1812a,R3,ANG,ANG17,4,3
1812b,R1,ANG,ANG21,2,5
1812b,R1,CON,NEU5,none,2
1812b,R1,CON,NEU3,none,2
1812b,R1,ANG,ANG12,3,none
1812b,R1,CON,NEU2,6,4
1812b,R1,ANG,ANG3,6,7
1812b,R1,ANG,ANG20,4,6
1812b,R1,CON,NEU22,6,3
1812b,R2,CON,NEU16,6,4
1812b,R2,ANG,ANG8,none,6
1812b,R2,ANG,ANG30,6,7
1812b,R2,CON,NEU26,6,4
1812b,R2,CON,NEU25,none,2
1812b,R2,ANG,ANG9,4,2
1812b,R2,CON,NEU4,none,1
1812b,R2,ANG,ANG6,3,7
1812b,R3,CON,NEU17,6,2
1812b,R3,ANG,ANG25,4,4
1812b,R3,CON,NEU27,none,1
1812b,R3,CON,NEU10,7,none
1812b,R3,ANG,ANG7,3,6
1812b,R3,CON,NEU18,7,3
1812b,R3,ANG,ANG1,4,none
1812b,R3,ANG,ANG17,4,8
1812c,R1,HOP,HOP22,6,6
1812c,R1,CON,NEU5,6,4
1812c,R1,CON,NEU3,7,4
1812c,R1,HOP,HOP19,6,6
1812c,R1,CON,NEU2,4,4
1812c,R1,HOP,HOP7,7,4
1812c,R1,HOP,HOP15,4,4
1812c,R1,CON,NEU22,6,4
1812c,R2,CON,NEU16,6,6
1812c,R2,HOP,HOP23,6,6
1812c,R2,HOP,HOP13,6,6
1812c,R2,CON,NEU26,6,6
1812c,R2,CON,NEU25,6,4
1812c,R2,HOP,HOP5,6,4
1812c,R2,CON,NEU4,4,4
1812c,R2,HOP,HOP26,6,7
1812c,R3,CON,NEU17,6,4
1812c,R3,HOP,HOP17,7,6
1812c,R3,CON,NEU27,3,3
1812c,R3,CON,NEU10,3,3
1812c,R3,HOP,HOP16,7,7
1812c,R3,CON,NEU18,6,6
1812c,R3,HOP,HOP11,7,6
1812c,R3,HOP,HOP27,6,6
1812d,R1,HOP,HOP22,10,7
1812d,R1,CON,NEU5,6,0
1812d,R1,CON,NEU3,6,4
1812d,R1,HOP,HOP19,9,7
1812d,R1,CON,NEU2,none,0
1812d,R1,HOP,HOP7,10,6
1812d,R1,HOP,HOP15,10,8
1812d,R1,CON,NEU22,7,3
1812d,R2,CON,NEU16,6,1
1812d,R2,HOP,HOP23,10,7
1812d,R2,HOP,HOP13,10,9
1812d,R2,CON,NEU26,none,1
1812d,R2,CON,NEU25,none,0
1812d,R2,HOP,HOP5,10,7
1812d,R2,CON,NEU4,none,0
1812d,R2,HOP,HOP26,10,9
1812d,R3,CON,NEU17,6,2
1812d,R3,HOP,HOP17,10,7
1812d,R3,CON,NEU27,none,0
1812d,R3,CON,NEU10,none,1
1812d,R3,HOP,HOP16,10,7
1812d,R3,CON,NEU18,6,2
1812d,R3,HOP,HOP11,7,none
1812d,R3,HOP,HOP27,10,8
1812e,R1,ANG,ANG21,none,1
1812e,R1,CON,NEU5,4,1
1812e,R1,CON,NEU3,7,1
1812e,R1,ANG,ANG12,7,1
1812e,R1,CON,NEU2,5,1
1812e,R1,ANG,ANG3,3,1
1812e,R1,ANG,ANG20,3,2
1812e,R1,CON,NEU22,6,1
1812e,R2,CON,NEU16,7,1
1812e,R2,ANG,ANG8,2,2
1812e,R2,ANG,ANG30,6,1
1812e,R2,CON,NEU26,6,4
1812e,R2,CON,NEU25,6,1
1812e,R2,ANG,ANG9,5,1
1812e,R2,CON,NEU4,6,1
1812e,R2,ANG,ANG6,7,2
1812e,R3,CON,NEU17,6,1
1812e,R3,ANG,ANG25,4,1
1812e,R3,CON,NEU27,6,1
1812e,R3,CON,NEU10,7,1
1812e,R3,ANG,ANG7,6,2
1812e,R3,CON,NEU18,7,1
1812e,R3,ANG,ANG1,7,1
1812e,R3,ANG,ANG17,7,1
1812h,R1,ANG,ANG21,2,6
1812h,R1,CON,NEU5,6,6
1812h,R1,CON,NEU3,7,7
1812h,R1,ANG,ANG12,4,8
1812h,R1,CON,NEU2,none,8
1812h,R1,ANG,ANG3,1,7
1812h,R1,ANG,ANG20,1,7
1812h,R1,CON,NEU22,5,6
1812h,R2,CON,NEU16,6,4
1812h,R2,ANG,ANG8,1,none
1812h,R2,ANG,ANG30,1,6
1812h,R2,CON,NEU26,none,7
1812h,R2,CON,NEU25,none,6
1812h,R2,ANG,ANG9,4,7
1812h,R2,CON,NEU4,none,7
1812h,R2,ANG,ANG6,2,6
1812h,R3,CON,NEU17,4,4
1812h,R3,ANG,ANG25,3,4
1812h,R3,CON,NEU27,none,none
1812h,R3,CON,NEU10,6,none
1812h,R3,ANG,ANG7,3,none
1812h,R3,CON,NEU18,8,6
1812h,R3,ANG,ANG1,7,7
1812h,R3,ANG,ANG17,none,6
1812i,R1,ANG,ANG21,0,6
1812i,R1,CON,NEU5,3,3
1812i,R1,CON,NEU3,9,6
1812i,R1,ANG,ANG12,2,2
1812i,R1,CON,NEU2,6,2
1812i,R1,ANG,ANG3,0,7
1812i,R1,ANG,ANG20,0,8
1812i,R1,CON,NEU22,none,4
1812i,R2,CON,NEU16,7,1
1812i,R2,ANG,ANG8,none,7
1812i,R2,ANG,ANG30,7,7
1812i,R2,CON,NEU26,7,2
1812i,R2,CON,NEU25,6,0
1812i,R2,ANG,ANG9,4,6
1812i,R2,CON,NEU4,none,0
1812i,R2,ANG,ANG6,0,7
1812i,R3,CON,NEU17,none,2
1812i,R3,ANG,ANG25,0,8
1812i,R3,CON,NEU27,none,8
1812i,R3,CON,NEU10,7,1
1812i,R3,ANG,ANG7,0,10
1812i,R3,CON,NEU18,6,2
1812i,R3,ANG,ANG1,0,7
1812i,R3,ANG,ANG17,2,3
1912a,R1,HOP,HOP22,0,9
1912a,R1,CON,NEU5,7,2
1912a,R1,CON,NEU3,8,2
1912a,R1,HOP,HOP19,0,9
1912a,R1,CON,NEU2,none,0
1912a,R1,HOP,HOP7,6,2
1912a,R1,HOP,HOP15,10,9
1912a,R1,CON,NEU22,7,6
1912a,R2,CON,NEU16,10,7
1912a,R2,HOP,HOP23,10,9
1912a,R2,HOP,HOP13,9,6
1912a,R2,CON,NEU26,10,4
1912a,R2,CON,NEU25,8,1
1912a,R2,HOP,HOP5,0,9
1912a,R2,CON,NEU4,none,0
1912a,R2,HOP,HOP26,9,9
1912a,R3,CON,NEU17,10,4
1912a,R3,HOP,HOP17,7,8
1912a,R3,CON,NEU27,6,0
1912a,R3,CON,NEU10,10,8
1912a,R3,HOP,HOP16,0,10
1912a,R3,CON,NEU18,7,2
1912a,R3,HOP,HOP11,2,3
1912a,R3,HOP,HOP27,10,7
1912d,R1,ANG,ANG21,2,7
1912d,R1,CON,NEU5,none,3
1912d,R1,CON,NEU3,7,4
1912d,R1,ANG,ANG12,4,6
1912d,R1,CON,NEU2,6,4
1912d,R1,ANG,ANG3,2,7
1912d,R1,ANG,ANG20,2,7
1912d,R1,CON,NEU22,none,4
1912d,R2,CON,NEU16,6,3
1912d,R2,ANG,ANG8,2,7
1912d,R2,ANG,ANG30,2,7
1912d,R2,CON,NEU26,6,3
1912d,R2,CON,NEU25,none,3
1912d,R2,ANG,ANG9,2,6
1912d,R2,CON,NEU4,6,2
1912d,R2,ANG,ANG6,1,7
1912d,R3,CON,NEU17,6,3
1912d,R3,ANG,ANG25,1,7
1912d,R3,CON,NEU27,none,4
1912d,R3,CON,NEU10,6,none
1912d,R3,ANG,ANG7,2,6
1912d,R3,CON,NEU18,6,3
1912d,R3,ANG,ANG1,3,6
1912d,R3,ANG,ANG17,4,6
1912g,R1,NEU,NEU24,8,4
1912g,R1,CON,NEU5,6,4
1912g,R1,CON,NEU3,6,4
1912g,R1,NEU,NEU6,6,4
1912g,R1,CON,NEU2,6,6
1912g,R1,NEU,NEU12,7,6
1912g,R1,NEU,NEU30,none,3
1912g,R1,CON,NEU22,7,4
1912g,R2,CON,NEU16,7,2
1912g,R2,NEU,NEU14,9,7
1912g,R2,NEU,NEU15,8,7
1912g,R2,CON,NEU26,6,2
1912g,R2,CON,NEU25,6,3
1912g,R2,NEU,NEU29,7,2
1912g,R2,CON,NEU4,none,1
1912g,R2,NEU,NEU21,6,4
1912g,R3,CON,NEU17,6,2
1912g,R3,NEU,NEU1,7,3
1912g,R3,CON,NEU27,none,2
1912g,R3,CON,NEU10,6,3
1912g,R3,NEU,NEU11,7,3
1912g,R3,CON,NEU18,7,6
1912g,R3,NEU,NEU23,8,6
1912g,R3,NEU,NEU9,6,6
2012d,R1,ANG,ANG21,0,9
2012d,R1,CON,NEU5,6,4
2012d,R1,CON,NEU3,9,4
2012d,R1,ANG,ANG12,2,8
2012d,R1,CON,NEU2,7,4
2012d,R1,ANG,ANG3,0,7
2012d,R1,ANG,ANG20,0,7
2012d,R1,CON,NEU22,6,4
2012d,R2,CON,NEU16,7,6
2012d,R2,ANG,ANG8,0,8
2012d,R2,ANG,ANG30,10,7
2012d,R2,CON,NEU26,6,4
2012d,R2,CON,NEU25,7,4
2012d,R2,ANG,ANG9,0,8
2012d,R2,CON,NEU4,6,4
2012d,R2,ANG,ANG6,0,8
2012d,R3,CON,NEU17,7,4
2012d,R3,ANG,ANG25,0,6
2012d,R3,CON,NEU27,6,4
2012d,R3,CON,NEU10,7,4
2012d,R3,ANG,ANG7,3,6
2012d,R3,CON,NEU18,7,4
2012d,R3,ANG,ANG1,4,6
2012d,R3,ANG,ANG17,0,7
2012e,R1,NEU,NEU24,6,3
2012e,R1,CON,NEU5,7,6
2012e,R1,CON,NEU3,4,4
2012e,R1,NEU,NEU6,3,6
2012e,R1,CON,NEU2,6,4
2012e,R1,NEU,NEU12,7,6
2012e,R1,NEU,NEU30,7,6
2012e,R1,CON,NEU22,3,6
2012e,R2,CON,NEU16,none,3
2012e,R2,NEU,NEU14,8,7
2012e,R2,NEU,NEU15,3,6
2012e,R2,CON,NEU26,4,4
2012e,R2,CON,NEU25,6,7
2012e,R2,NEU,NEU29,4,none
2012e,R2,CON,NEU4,5,3
2012e,R2,NEU,NEU21,6,4
2012e,R3,CON,NEU17,6,6
2012e,R3,NEU,NEU1,4,2
2012e,R3,CON,NEU27,7,4
2012e,R3,CON,NEU10,6,4
2012e,R3,NEU,NEU11,none,3
2012e,R3,CON,NEU18,7,6
2012e,R3,NEU,NEU23,2,7
2012e,R3,NEU,NEU9,4,none
2012f,R1,NEU,NEU24,none,3
2012f,R1,CON,NEU5,6,3
2012f,R1,CON,NEU3,6,2
2012f,R1,NEU,NEU6,none,0
2012f,R1,CON,NEU2,6,0
2012f,R1,NEU,NEU12,7,2
2012f,R1,NEU,NEU30,6,1
2012f,R1,CON,NEU22,none,0
2012f,R2,CON,NEU16,6,1
2012f,R2,NEU,NEU14,6,1
2012f,R2,NEU,NEU15,5,0
2012f,R2,CON,NEU26,7,3
2012f,R2,CON,NEU25,5,0
2012f,R2,NEU,NEU29,none,0
2012f,R2,CON,NEU4,none,0
2012f,R2,NEU,NEU21,none,1
2012f,R3,CON,NEU17,6,0
2012f,R3,NEU,NEU1,none,1
2012f,R3,CON,NEU27,none,0
2012f,R3,CON,NEU10,none,1
2012f,R3,NEU,NEU11,none,0
2012f,R3,CON,NEU18,7,2
2012f,R3,NEU,NEU23,none,2
2012f,R3,NEU,NEU9,none,2
2012h,R1,HOP,HOP22,8,6
2012h,R1,CON,NEU5,7,2
2012h,R1,CON,NEU3,8,3
2012h,R1,HOP,HOP19,8,6
2012h,R1,CON,NEU2,4,1
2012h,R1,HOP,HOP7,7,7
2012h,R1,HOP,HOP15,7,3
2012h,R1,CON,NEU22,7,3
2012h,R2,CON,NEU16,7,3
2012h,R2,HOP,HOP23,8,6
2012h,R2,HOP,HOP13,4,3
2012h,R2,CON,NEU26,7,3
2012h,R2,CON,NEU25,6,2
2012h,R2,HOP,HOP5,8,3
2012h,R2,CON,NEU4,6,2
2012h,R2,HOP,HOP26,7,7
2012h,R3,CON,NEU17,7,6
2012h,R3,HOP,HOP17,8,6
2012h,R3,CON,NEU27,none,0
2012h,R3,CON,NEU10,none,1
2012h,R3,HOP,HOP16,7,6
2012h,R3,CON,NEU18,8,7
2012h,R3,HOP,HOP11,6,3
2012h,R3,HOP,HOP27,7,4
2012i,R1,HOP,HOP22,8,7
2012i,R1,CON,NEU5,7,6
2012i,R1,CON,NEU3,6,4
2012i,R1,HOP,HOP19,7,7
2012i,R1,CON,NEU2,6,3
2012i,R1,HOP,HOP7,9,8
2012i,R1,HOP,HOP15,8,8
2012i,R1,CON,NEU22,8,7
2012i,R2,CON,NEU16,8,8
2012i,R2,HOP,HOP23,9,8
2012i,R2,HOP,HOP13,8,8
2012i,R2,CON,NEU26,7,6
2012i,R2,CON,NEU25,6,6
2012i,R2,HOP,HOP5,10,9
2012i,R2,CON,NEU4,5,3
2012i,R2,HOP,HOP26,9,8
2012i,R3,CON,NEU17,6,4
2012i,R3,HOP,HOP17,9,9
2012i,R3,CON,NEU27,8,7
2012i,R3,CON,NEU10,6,4
2012i,R3,HOP,HOP16,8,8
2012i,R3,CON,NEU18,8,7
2012i,R3,HOP,HOP11,9,8
2012i,R3,HOP,HOP27,9,9
2112b,R1,NEU,NEU24,8,4
2112b,R1,CON,NEU5,4,4
2112b,R1,CON,NEU3,6,3
2112b,R1,NEU,NEU6,4,3
2112b,R1,CON,NEU2,9,6
2112b,R1,NEU,NEU12,2,none
2112b,R1,NEU,NEU30,7,6
2112b,R1,CON,NEU22,6,4
2112b,R2,CON,NEU16,6,6
2112b,R2,NEU,NEU14,7,4
2112b,R2,NEU,NEU15,6,3
2112b,R2,CON,NEU26,8,3
2112b,R2,CON,NEU25,3,3
2112b,R2,NEU,NEU29,none,4
2112b,R2,CON,NEU4,4,4
2112b,R2,NEU,NEU21,6,6
2112b,R3,CON,NEU17,6,3
2112b,R3,NEU,NEU1,7,6
2112b,R3,CON,NEU27,4,4
2112b,R3,CON,NEU10,7,1
2112b,R3,NEU,NEU11,7,1
2112b,R3,CON,NEU18,4,3
2112b,R3,NEU,NEU23,3,6
2112b,R3,NEU,NEU9,6,0
2112c,R1,HOP,HOP22,9,6
2112c,R1,CON,NEU5,6,0
2112c,R1,CON,NEU3,7,4
2112c,R1,HOP,HOP19,8,3
2112c,R1,CON,NEU2,none,2
2112c,R1,HOP,HOP7,10,7
2112c,R1,HOP,HOP15,7,4
2112c,R1,CON,NEU22,none,0
2112c,R2,CON,NEU16,8,3
2112c,R2,HOP,HOP23,9,6
2112c,R2,HOP,HOP13,9,4
2112c,R2,CON,NEU26,7,3
2112c,R2,CON,NEU25,6,2
2112c,R2,HOP,HOP5,9,none
2112c,R2,CON,NEU4,6,0
2112c,R2,HOP,HOP26,10,7
2112c,R3,CON,NEU17,4,1
2112c,R3,HOP,HOP17,9,6
2112c,R3,CON,NEU27,6,0
2112c,R3,CON,NEU10,7,4
2112c,R3,HOP,HOP16,7,2
2112c,R3,CON,NEU18,7,3
2112c,R3,HOP,HOP11,9,4
2112c,R3,HOP,HOP27,10,2
