sid,code,name,ord,val
18018,ngr2711a,demo-3-pl,0,0
18018,ngr2711a,demo-3-pl,2,2001
18018,ngr2711a,demo-3-pl,3,0
18018,ngr2711a,demo-3-pl,4,4
18018,ngr2711a,demo-3-pl,6,2
18018,ngr2711a,demo-3-pl,7,2
18018,ngr2711a,demo-3-pl,8,3
18018,ngr2711a,demo-3-pl,9,1
18018,ngr2711a,demo-3-pl,10,1
18018,ngr2711a,demo-3-pl,11,1
18018,ngr2711a,demo-3-pl,12,1
18018,ngr2711a,demo-3-pl,13,2
18018,ngr2711a,demo-3-pl,14,1
18026,ngr2711b,demo-3-pl,0,0
18026,ngr2711b,demo-3-pl,2,2000
18026,ngr2711b,demo-3-pl,3,0
18026,ngr2711b,demo-3-pl,4,5
18026,ngr2711b,demo-3-pl,6,2
18026,ngr2711b,demo-3-pl,7,2
18026,ngr2711b,demo-3-pl,8,4
18026,ngr2711b,demo-3-pl,9,0
18026,ngr2711b,demo-3-pl,10,0
18026,ngr2711b,demo-3-pl,11,1
18026,ngr2711b,demo-3-pl,12,1
18026,ngr2711b,demo-3-pl,13,6
18026,ngr2711b,demo-3-pl,14,1
18027,ngr2711c,demo-3-pl,0,1
18027,ngr2711c,demo-3-pl,2,2001
18027,ngr2711c,demo-3-pl,3,0
18027,ngr2711c,demo-3-pl,4,4
18027,ngr2711c,demo-3-pl,6,3
18027,ngr2711c,demo-3-pl,7,1
18027,ngr2711c,demo-3-pl,8,3
18027,ngr2711c,demo-3-pl,9,0
18027,ngr2711c,demo-3-pl,10,3
18027,ngr2711c,demo-3-pl,11,1
18027,ngr2711c,demo-3-pl,12,0
18027,ngr2711c,demo-3-pl,14,0
18028,ngr2711d,demo-3-pl,0,1
18028,ngr2711d,demo-3-pl,2,2001
18028,ngr2711d,demo-3-pl,3,0
18028,ngr2711d,demo-3-pl,4,4
18028,ngr2711d,demo-3-pl,6,3
18028,ngr2711d,demo-3-pl,7,2
18028,ngr2711d,demo-3-pl,8,3
18028,ngr2711d,demo-3-pl,9,1
18028,ngr2711d,demo-3-pl,10,2
18028,ngr2711d,demo-3-pl,11,1
18028,ngr2711d,demo-3-pl,12,1
18028,ngr2711d,demo-3-pl,13,6
18028,ngr2711d,demo-3-pl,14,1
18029,ngr2711f,demo-3-pl,0,1
18029,ngr2711f,demo-3-pl,2,2003
18029,ngr2711f,demo-3-pl,3,0
18029,ngr2711f,demo-3-pl,4,4
18029,ngr2711f,demo-3-pl,6,1
18029,ngr2711f,demo-3-pl,7,5
18029,ngr2711f,demo-3-pl,8,3
18029,ngr2711f,demo-3-pl,9,1
18029,ngr2711f,demo-3-pl,10,2
18029,ngr2711f,demo-3-pl,11,1
18029,ngr2711f,demo-3-pl,12,1
18029,ngr2711f,demo-3-pl,13,1
18029,ngr2711f,demo-3-pl,14,0
18030,ngr2711g,demo-3-pl,0,0
18030,ngr2711g,demo-3-pl,2,1999
18030,ngr2711g,demo-3-pl,3,0
18030,ngr2711g,demo-3-pl,4,4
18030,ngr2711g,demo-3-pl,6,2
18030,ngr2711g,demo-3-pl,7,1
18030,ngr2711g,demo-3-pl,8,4
18030,ngr2711g,demo-3-pl,9,0
18030,ngr2711g,demo-3-pl,10,1
18030,ngr2711g,demo-3-pl,11,0
18030,ngr2711g,demo-3-pl,14,1
18031,ngr2711h,demo-3-pl,0,1
18031,ngr2711h,demo-3-pl,2,1999
18031,ngr2711h,demo-3-pl,3,0
18031,ngr2711h,demo-3-pl,4,5
18031,ngr2711h,demo-3-pl,6,2
18031,ngr2711h,demo-3-pl,7,1
18031,ngr2711h,demo-3-pl,8,5
18031,ngr2711h,demo-3-pl,9,0
18031,ngr2711h,demo-3-pl,10,0
18031,ngr2711h,demo-3-pl,11,1
18031,ngr2711h,demo-3-pl,12,1
18031,ngr2711h,demo-3-pl,13,0
18031,ngr2711h,demo-3-pl,14,2
18032,ngr2711i,demo-3-pl,0,1
18032,ngr2711i,demo-3-pl,2,2001
18032,ngr2711i,demo-3-pl,3,0
18032,ngr2711i,demo-3-pl,4,4
18032,ngr2711i,demo-3-pl,6,3
18032,ngr2711i,demo-3-pl,7,4
18032,ngr2711i,demo-3-pl,8,2
18032,ngr2711i,demo-3-pl,9,1
18032,ngr2711i,demo-3-pl,10,1
18032,ngr2711i,demo-3-pl,11,0
18032,ngr2711i,demo-3-pl,14,1
18041,ngr2811c,demo-3-pl,0,0
18041,ngr2811c,demo-3-pl,2,2001
18041,ngr2811c,demo-3-pl,3,0
18041,ngr2811c,demo-3-pl,4,4
18041,ngr2811c,demo-3-pl,6,1
18041,ngr2811c,demo-3-pl,7,2
18041,ngr2811c,demo-3-pl,8,4
18041,ngr2811c,demo-3-pl,9,0
18041,ngr2811c,demo-3-pl,10,1
18041,ngr2811c,demo-3-pl,11,0
18041,ngr2811c,demo-3-pl,14,2
18042,ngr2811d,demo-3-pl,0,0
18042,ngr2811d,demo-3-pl,2,2002
18042,ngr2811d,demo-3-pl,3,0
18042,ngr2811d,demo-3-pl,4,4
18042,ngr2811d,demo-3-pl,6,3
18042,ngr2811d,demo-3-pl,7,2
18042,ngr2811d,demo-3-pl,8,3
18042,ngr2811d,demo-3-pl,9,1
18042,ngr2811d,demo-3-pl,10,0
18042,ngr2811d,demo-3-pl,11,1
18042,ngr2811d,demo-3-pl,12,1
18042,ngr2811d,demo-3-pl,13,5
18042,ngr2811d,demo-3-pl,14,2
18043,ngr2811e,demo-3-pl,0,1
18043,ngr2811e,demo-3-pl,2,2002
18043,ngr2811e,demo-3-pl,3,0
18043,ngr2811e,demo-3-pl,4,4
18043,ngr2811e,demo-3-pl,6,2
18043,ngr2811e,demo-3-pl,7,1
18043,ngr2811e,demo-3-pl,8,4
18043,ngr2811e,demo-3-pl,9,0
18043,ngr2811e,demo-3-pl,10,1
18043,ngr2811e,demo-3-pl,11,1
18043,ngr2811e,demo-3-pl,12,1
18043,ngr2811e,demo-3-pl,13,2
18043,ngr2811e,demo-3-pl,14,0
18044,ngr2811f,demo-3-pl,0,0
18044,ngr2811f,demo-3-pl,2,1998
18044,ngr2811f,demo-3-pl,3,0
18044,ngr2811f,demo-3-pl,4,4
18044,ngr2811f,demo-3-pl,6,3
18044,ngr2811f,demo-3-pl,7,1
18044,ngr2811f,demo-3-pl,8,3
18044,ngr2811f,demo-3-pl,9,0
18044,ngr2811f,demo-3-pl,10,1
18044,ngr2811f,demo-3-pl,11,0
18044,ngr2811f,demo-3-pl,14,0
18045,ngr2811g,demo-3-pl,0,1
18045,ngr2811g,demo-3-pl,2,2001
18045,ngr2811g,demo-3-pl,3,0
18045,ngr2811g,demo-3-pl,4,4
18045,ngr2811g,demo-3-pl,6,3
18045,ngr2811g,demo-3-pl,7,2
18045,ngr2811g,demo-3-pl,8,4
18045,ngr2811g,demo-3-pl,9,0
18045,ngr2811g,demo-3-pl,10,2
18045,ngr2811g,demo-3-pl,11,0
18045,ngr2811g,demo-3-pl,14,1
18046,ngr2911e,demo-3-pl,0,1
18046,ngr2911e,demo-3-pl,2,2002
18046,ngr2911e,demo-3-pl,3,0
18046,ngr2911e,demo-3-pl,4,4
18046,ngr2911e,demo-3-pl,6,2
18046,ngr2911e,demo-3-pl,7,4
18046,ngr2911e,demo-3-pl,8,3
18046,ngr2911e,demo-3-pl,9,1
18046,ngr2911e,demo-3-pl,10,2
18046,ngr2911e,demo-3-pl,11,1
18046,ngr2911e,demo-3-pl,12,0
18046,ngr2911e,demo-3-pl,14,1
18047,ngr2911f,demo-3-pl,0,0
18047,ngr2911f,demo-3-pl,2,2002
18047,ngr2911f,demo-3-pl,3,0
18047,ngr2911f,demo-3-pl,4,4
18047,ngr2911f,demo-3-pl,6,3
18047,ngr2911f,demo-3-pl,7,1
18047,ngr2911f,demo-3-pl,8,4
18047,ngr2911f,demo-3-pl,9,1
18047,ngr2911f,demo-3-pl,10,1
18047,ngr2911f,demo-3-pl,11,1
18047,ngr2911f,demo-3-pl,12,1
18047,ngr2911f,demo-3-pl,13,3
18047,ngr2911f,demo-3-pl,14,1
18048,ngr2911g,demo-3-pl,0,1
18048,ngr2911g,demo-3-pl,2,1998
18048,ngr2911g,demo-3-pl,3,0
18048,ngr2911g,demo-3-pl,4,5
18048,ngr2911g,demo-3-pl,6,2
18048,ngr2911g,demo-3-pl,7,2
18048,ngr2911g,demo-3-pl,8,3
18048,ngr2911g,demo-3-pl,9,0
18048,ngr2911g,demo-3-pl,10,1
18048,ngr2911g,demo-3-pl,11,1
18048,ngr2911g,demo-3-pl,12,0
18048,ngr2911g,demo-3-pl,14,1
18049,ngr2911h,demo-3-pl,0,0
18049,ngr2911h,demo-3-pl,2,1998
18049,ngr2911h,demo-3-pl,3,0
18049,ngr2911h,demo-3-pl,4,4
18049,ngr2911h,demo-3-pl,6,2
18049,ngr2911h,demo-3-pl,7,4
18049,ngr2911h,demo-3-pl,8,4
18049,ngr2911h,demo-3-pl,9,1
18049,ngr2911h,demo-3-pl,10,1
18049,ngr2911h,demo-3-pl,11,1
18049,ngr2911h,demo-3-pl,12,0
18049,ngr2911h,demo-3-pl,14,1
18050,ngr2911i,demo-3-pl,0,1
18050,ngr2911i,demo-3-pl,2,2001
18050,ngr2911i,demo-3-pl,3,0
18050,ngr2911i,demo-3-pl,4,4
18050,ngr2911i,demo-3-pl,6,1
18050,ngr2911i,demo-3-pl,7,1
18050,ngr2911i,demo-3-pl,8,4
18050,ngr2911i,demo-3-pl,9,1
18050,ngr2911i,demo-3-pl,10,2
18050,ngr2911i,demo-3-pl,11,1
18050,ngr2911i,demo-3-pl,12,1
18050,ngr2911i,demo-3-pl,13,5
18050,ngr2911i,demo-3-pl,14,1
18051,ngr3011a,demo-3-pl,0,1
18051,ngr3011a,demo-3-pl,2,2002
18051,ngr3011a,demo-3-pl,3,0
18051,ngr3011a,demo-3-pl,4,4
18051,ngr3011a,demo-3-pl,6,1
18051,ngr3011a,demo-3-pl,7,4
18051,ngr3011a,demo-3-pl,8,3
18051,ngr3011a,demo-3-pl,9,1
18051,ngr3011a,demo-3-pl,10,2
18051,ngr3011a,demo-3-pl,11,0
18051,ngr3011a,demo-3-pl,14,1
18052,ngr3011b,demo-3-pl,0,0
18052,ngr3011b,demo-3-pl,2,1998
18052,ngr3011b,demo-3-pl,3,0
18052,ngr3011b,demo-3-pl,4,5
18052,ngr3011b,demo-3-pl,6,1
18052,ngr3011b,demo-3-pl,7,3
18052,ngr3011b,demo-3-pl,8,4
18052,ngr3011b,demo-3-pl,9,0
18052,ngr3011b,demo-3-pl,10,0
18052,ngr3011b,demo-3-pl,11,0
18052,ngr3011b,demo-3-pl,14,1
18053,ngr3011c,demo-3-pl,0,1
18053,ngr3011c,demo-3-pl,2,2001
18053,ngr3011c,demo-3-pl,3,0
18053,ngr3011c,demo-3-pl,4,4
18053,ngr3011c,demo-3-pl,6,2
18053,ngr3011c,demo-3-pl,7,1
18053,ngr3011c,demo-3-pl,8,4
18053,ngr3011c,demo-3-pl,9,1
18053,ngr3011c,demo-3-pl,10,1
18053,ngr3011c,demo-3-pl,11,0
18053,ngr3011c,demo-3-pl,14,2
18054,ngr3011d,demo-3-pl,0,0
18054,ngr3011d,demo-3-pl,2,1998
18054,ngr3011d,demo-3-pl,3,0
18054,ngr3011d,demo-3-pl,4,5
18054,ngr3011d,demo-3-pl,6,2
18054,ngr3011d,demo-3-pl,7,3
18054,ngr3011d,demo-3-pl,8,4
18054,ngr3011d,demo-3-pl,9,1
18054,ngr3011d,demo-3-pl,10,1
18054,ngr3011d,demo-3-pl,11,1
18054,ngr3011d,demo-3-pl,12,1
18054,ngr3011d,demo-3-pl,13,6
18054,ngr3011d,demo-3-pl,14,1
18055,ngr3011e,demo-3-pl,0,1
18055,ngr3011e,demo-3-pl,2,2000
18055,ngr3011e,demo-3-pl,3,0
18055,ngr3011e,demo-3-pl,4,4
18055,ngr3011e,demo-3-pl,6,2
18055,ngr3011e,demo-3-pl,7,2
18055,ngr3011e,demo-3-pl,8,5
18055,ngr3011e,demo-3-pl,9,1
18055,ngr3011e,demo-3-pl,10,0
18055,ngr3011e,demo-3-pl,11,1
18055,ngr3011e,demo-3-pl,12,0
18055,ngr3011e,demo-3-pl,14,1
18056,ngr3011f,demo-3-pl,0,1
18056,ngr3011f,demo-3-pl,2,1998
18056,ngr3011f,demo-3-pl,3,3
18056,ngr3011f,demo-3-pl,4,6
18056,ngr3011f,demo-3-pl,6,2
18056,ngr3011f,demo-3-pl,7,2
18056,ngr3011f,demo-3-pl,8,3
18056,ngr3011f,demo-3-pl,9,0
18056,ngr3011f,demo-3-pl,10,0
18056,ngr3011f,demo-3-pl,11,1
18056,ngr3011f,demo-3-pl,12,1
18056,ngr3011f,demo-3-pl,13,1
18056,ngr3011f,demo-3-pl,14,1
18057,ngr3011g,demo-3-pl,0,1
18057,ngr3011g,demo-3-pl,2,2003
18057,ngr3011g,demo-3-pl,3,0
18057,ngr3011g,demo-3-pl,4,4
18057,ngr3011g,demo-3-pl,6,2
18057,ngr3011g,demo-3-pl,7,3
18057,ngr3011g,demo-3-pl,8,3
18057,ngr3011g,demo-3-pl,9,1
18057,ngr3011g,demo-3-pl,10,1
18057,ngr3011g,demo-3-pl,11,1
18057,ngr3011g,demo-3-pl,12,1
18057,ngr3011g,demo-3-pl,13,3
18057,ngr3011g,demo-3-pl,14,0
18058,ngr3011h,demo-3-pl,0,1
18058,ngr3011h,demo-3-pl,2,2003
18058,ngr3011h,demo-3-pl,3,0
18058,ngr3011h,demo-3-pl,4,4
18058,ngr3011h,demo-3-pl,6,2
18058,ngr3011h,demo-3-pl,7,2
18058,ngr3011h,demo-3-pl,8,4
18058,ngr3011h,demo-3-pl,9,0
18058,ngr3011h,demo-3-pl,10,1
18058,ngr3011h,demo-3-pl,11,0
18058,ngr3011h,demo-3-pl,14,2
18059,ngr3011i,demo-3-pl,0,0
18059,ngr3011i,demo-3-pl,2,1998
18059,ngr3011i,demo-3-pl,3,0
18059,ngr3011i,demo-3-pl,4,6
18059,ngr3011i,demo-3-pl,6,2
18059,ngr3011i,demo-3-pl,7,3
18059,ngr3011i,demo-3-pl,8,3
18059,ngr3011i,demo-3-pl,9,0
18059,ngr3011i,demo-3-pl,10,1
18059,ngr3011i,demo-3-pl,11,0
18059,ngr3011i,demo-3-pl,14,1
18060,ngr0212b,demo-3-pl,0,0
18060,ngr0212b,demo-3-pl,2,2001
18060,ngr0212b,demo-3-pl,3,0
18060,ngr0212b,demo-3-pl,4,4
18060,ngr0212b,demo-3-pl,6,2
18060,ngr0212b,demo-3-pl,7,2
18060,ngr0212b,demo-3-pl,8,4
18060,ngr0212b,demo-3-pl,9,0
18060,ngr0212b,demo-3-pl,10,0
18060,ngr0212b,demo-3-pl,11,0
18060,ngr0212b,demo-3-pl,14,1
18061,ngr0212c,demo-3-pl,0,0
18061,ngr0212c,demo-3-pl,2,1998
18061,ngr0212c,demo-3-pl,3,0
18061,ngr0212c,demo-3-pl,4,4
18061,ngr0212c,demo-3-pl,6,3
18061,ngr0212c,demo-3-pl,7,2
18061,ngr0212c,demo-3-pl,8,3
18061,ngr0212c,demo-3-pl,9,0
18061,ngr0212c,demo-3-pl,10,1
18061,ngr0212c,demo-3-pl,11,0
18061,ngr0212c,demo-3-pl,14,2
18062,ngr0212d,demo-3-pl,0,0
18062,ngr0212d,demo-3-pl,2,2002
18062,ngr0212d,demo-3-pl,3,0
18062,ngr0212d,demo-3-pl,4,4
18062,ngr0212d,demo-3-pl,6,3
18062,ngr0212d,demo-3-pl,7,1
18062,ngr0212d,demo-3-pl,8,4
18062,ngr0212d,demo-3-pl,9,0
18062,ngr0212d,demo-3-pl,10,0
18062,ngr0212d,demo-3-pl,11,1
18062,ngr0212d,demo-3-pl,12,0
18062,ngr0212d,demo-3-pl,14,0
18063,ngr0212e,demo-3-pl,0,1
18063,ngr0212e,demo-3-pl,2,2003
18063,ngr0212e,demo-3-pl,3,0
18063,ngr0212e,demo-3-pl,4,4
18063,ngr0212e,demo-3-pl,6,2
18063,ngr0212e,demo-3-pl,7,2
18063,ngr0212e,demo-3-pl,8,4
18063,ngr0212e,demo-3-pl,9,0
18063,ngr0212e,demo-3-pl,10,0
18063,ngr0212e,demo-3-pl,11,0
18063,ngr0212e,demo-3-pl,14,0
18064,ngr0212f,demo-3-pl,0,0
18064,ngr0212f,demo-3-pl,2,2001
18064,ngr0212f,demo-3-pl,3,0
18064,ngr0212f,demo-3-pl,4,4
18064,ngr0212f,demo-3-pl,6,2
18064,ngr0212f,demo-3-pl,7,2
18064,ngr0212f,demo-3-pl,8,4
18064,ngr0212f,demo-3-pl,9,0
18064,ngr0212f,demo-3-pl,10,0
18064,ngr0212f,demo-3-pl,11,0
18064,ngr0212f,demo-3-pl,14,1
18065,ngr0212g,demo-3-pl,0,1
18065,ngr0212g,demo-3-pl,2,2003
18065,ngr0212g,demo-3-pl,3,0
18065,ngr0212g,demo-3-pl,4,4
18065,ngr0212g,demo-3-pl,6,3
18065,ngr0212g,demo-3-pl,7,1
18065,ngr0212g,demo-3-pl,8,4
18065,ngr0212g,demo-3-pl,9,1
18065,ngr0212g,demo-3-pl,10,1
18065,ngr0212g,demo-3-pl,11,1
18065,ngr0212g,demo-3-pl,12,1
18065,ngr0212g,demo-3-pl,13,0
18065,ngr0212g,demo-3-pl,14,1
18066,ngr0212h,demo-3-pl,0,0
18066,ngr0212h,demo-3-pl,2,1998
18066,ngr0212h,demo-3-pl,3,2
18066,ngr0212h,demo-3-pl,4,5
18066,ngr0212h,demo-3-pl,6,3
18066,ngr0212h,demo-3-pl,7,3
18066,ngr0212h,demo-3-pl,8,5
18066,ngr0212h,demo-3-pl,9,0
18066,ngr0212h,demo-3-pl,10,1
18066,ngr0212h,demo-3-pl,11,1
18066,ngr0212h,demo-3-pl,12,0
18066,ngr0212h,demo-3-pl,14,0
18067,ngr0212i,demo-3-pl,0,0
18067,ngr0212i,demo-3-pl,2,2002
18067,ngr0212i,demo-3-pl,3,0
18067,ngr0212i,demo-3-pl,4,4
18067,ngr0212i,demo-3-pl,6,2
18067,ngr0212i,demo-3-pl,7,3
18067,ngr0212i,demo-3-pl,8,4
18067,ngr0212i,demo-3-pl,9,0
18067,ngr0212i,demo-3-pl,10,2
18067,ngr0212i,demo-3-pl,11,1
18067,ngr0212i,demo-3-pl,12,1
18067,ngr0212i,demo-3-pl,13,5
18067,ngr0212i,demo-3-pl,14,0
18068,ngr0312a,demo-3-pl,0,1
18068,ngr0312a,demo-3-pl,2,2003
18068,ngr0312a,demo-3-pl,3,0
18068,ngr0312a,demo-3-pl,4,4
18068,ngr0312a,demo-3-pl,6,2
18068,ngr0312a,demo-3-pl,7,1
18068,ngr0312a,demo-3-pl,8,3
18068,ngr0312a,demo-3-pl,9,1
18068,ngr0312a,demo-3-pl,10,2
18068,ngr0312a,demo-3-pl,11,1
18068,ngr0312a,demo-3-pl,12,1
18068,ngr0312a,demo-3-pl,13,4
18068,ngr0312a,demo-3-pl,14,0
18069,ngr0312c,demo-3-pl,0,1
18069,ngr0312c,demo-3-pl,2,2000
18069,ngr0312c,demo-3-pl,3,0
18069,ngr0312c,demo-3-pl,4,5
18069,ngr0312c,demo-3-pl,6,0
18069,ngr0312c,demo-3-pl,7,1
18069,ngr0312c,demo-3-pl,8,3
18069,ngr0312c,demo-3-pl,9,0
18069,ngr0312c,demo-3-pl,10,0
18069,ngr0312c,demo-3-pl,11,1
18069,ngr0312c,demo-3-pl,12,0
18069,ngr0312c,demo-3-pl,14,0
18070,ngr0312d,demo-3-pl,0,1
18070,ngr0312d,demo-3-pl,2,1998
18070,ngr0312d,demo-3-pl,3,0
18070,ngr0312d,demo-3-pl,4,4
18070,ngr0312d,demo-3-pl,6,2
18070,ngr0312d,demo-3-pl,7,1
18070,ngr0312d,demo-3-pl,8,3
18070,ngr0312d,demo-3-pl,9,0
18070,ngr0312d,demo-3-pl,10,3
18070,ngr0312d,demo-3-pl,11,1
18070,ngr0312d,demo-3-pl,12,1
18070,ngr0312d,demo-3-pl,13,6
18070,ngr0312d,demo-3-pl,14,1
18071,ngr0312e,demo-3-pl,0,1
18071,ngr0312e,demo-3-pl,2,2000
18071,ngr0312e,demo-3-pl,3,0
18071,ngr0312e,demo-3-pl,4,4
18071,ngr0312e,demo-3-pl,6,2
18071,ngr0312e,demo-3-pl,7,3
18071,ngr0312e,demo-3-pl,8,3
18071,ngr0312e,demo-3-pl,9,0
18071,ngr0312e,demo-3-pl,10,2
18071,ngr0312e,demo-3-pl,11,0
18071,ngr0312e,demo-3-pl,14,1
18072,ngr0312f,demo-3-pl,0,1
18072,ngr0312f,demo-3-pl,2,1998
18072,ngr0312f,demo-3-pl,3,0
18072,ngr0312f,demo-3-pl,4,5
18072,ngr0312f,demo-3-pl,6,2
18072,ngr0312f,demo-3-pl,7,1
18072,ngr0312f,demo-3-pl,8,4
18072,ngr0312f,demo-3-pl,9,1
18072,ngr0312f,demo-3-pl,10,1
18072,ngr0312f,demo-3-pl,11,0
18072,ngr0312f,demo-3-pl,14,1
18073,ngr0312g,demo-3-pl,0,0
18073,ngr0312g,demo-3-pl,2,1999
18073,ngr0312g,demo-3-pl,3,0
18073,ngr0312g,demo-3-pl,4,6
18073,ngr0312g,demo-3-pl,6,2
18073,ngr0312g,demo-3-pl,7,2
18073,ngr0312g,demo-3-pl,8,3
18073,ngr0312g,demo-3-pl,9,0
18073,ngr0312g,demo-3-pl,10,2
18073,ngr0312g,demo-3-pl,11,0
18073,ngr0312g,demo-3-pl,14,1
18074,ngr0312h,demo-3-pl,0,0
18074,ngr0312h,demo-3-pl,2,2000
18074,ngr0312h,demo-3-pl,3,0
18074,ngr0312h,demo-3-pl,4,5
18074,ngr0312h,demo-3-pl,6,3
18074,ngr0312h,demo-3-pl,7,2
18074,ngr0312h,demo-3-pl,8,3
18074,ngr0312h,demo-3-pl,9,1
18074,ngr0312h,demo-3-pl,10,2
18074,ngr0312h,demo-3-pl,11,1
18074,ngr0312h,demo-3-pl,12,0
18074,ngr0312h,demo-3-pl,14,1
18075,ngr0412a,demo-3-pl,0,0
18075,ngr0412a,demo-3-pl,2,2003
18075,ngr0412a,demo-3-pl,3,1
18075,ngr0412a,demo-3-pl,4,4
18075,ngr0412a,demo-3-pl,6,3
18075,ngr0412a,demo-3-pl,7,1
18075,ngr0412a,demo-3-pl,8,4
18075,ngr0412a,demo-3-pl,9,0
18075,ngr0412a,demo-3-pl,10,1
18075,ngr0412a,demo-3-pl,11,1
18075,ngr0412a,demo-3-pl,12,1
18075,ngr0412a,demo-3-pl,13,0
18075,ngr0412a,demo-3-pl,14,1
18076,ngr0412b,demo-3-pl,0,0
18076,ngr0412b,demo-3-pl,2,1999
18076,ngr0412b,demo-3-pl,3,1
18076,ngr0412b,demo-3-pl,4,4
18076,ngr0412b,demo-3-pl,6,2
18076,ngr0412b,demo-3-pl,7,3
18076,ngr0412b,demo-3-pl,8,3
18076,ngr0412b,demo-3-pl,9,0
18076,ngr0412b,demo-3-pl,10,1
18076,ngr0412b,demo-3-pl,11,0
18076,ngr0412b,demo-3-pl,14,1
18077,ngr0412c,demo-3-pl,0,1
18077,ngr0412c,demo-3-pl,2,2003
18077,ngr0412c,demo-3-pl,3,0
18077,ngr0412c,demo-3-pl,4,4
18077,ngr0412c,demo-3-pl,6,2
18077,ngr0412c,demo-3-pl,7,2
18077,ngr0412c,demo-3-pl,8,3
18077,ngr0412c,demo-3-pl,9,0
18077,ngr0412c,demo-3-pl,10,1
18077,ngr0412c,demo-3-pl,11,0
18077,ngr0412c,demo-3-pl,14,0
18078,ngr0412d,demo-3-pl,0,0
18078,ngr0412d,demo-3-pl,2,2003
18078,ngr0412d,demo-3-pl,3,0
18078,ngr0412d,demo-3-pl,4,4
18078,ngr0412d,demo-3-pl,6,3
18078,ngr0412d,demo-3-pl,7,3
18078,ngr0412d,demo-3-pl,8,3
18078,ngr0412d,demo-3-pl,9,0
18078,ngr0412d,demo-3-pl,10,3
18078,ngr0412d,demo-3-pl,11,1
18078,ngr0412d,demo-3-pl,12,1
18078,ngr0412d,demo-3-pl,13,3
18078,ngr0412d,demo-3-pl,14,1
18079,ngr0412e,demo-3-pl,0,0
18079,ngr0412e,demo-3-pl,2,2004
18079,ngr0412e,demo-3-pl,3,0
18079,ngr0412e,demo-3-pl,4,4
18079,ngr0412e,demo-3-pl,6,2
18079,ngr0412e,demo-3-pl,7,2
18079,ngr0412e,demo-3-pl,8,4
18079,ngr0412e,demo-3-pl,9,1
18079,ngr0412e,demo-3-pl,10,0
18079,ngr0412e,demo-3-pl,11,1
18079,ngr0412e,demo-3-pl,12,1
18079,ngr0412e,demo-3-pl,13,5
18079,ngr0412e,demo-3-pl,14,0
18080,ngr0412f,demo-3-pl,0,0
18080,ngr0412f,demo-3-pl,2,2001
18080,ngr0412f,demo-3-pl,3,1
18080,ngr0412f,demo-3-pl,4,5
18080,ngr0412f,demo-3-pl,6,3
18080,ngr0412f,demo-3-pl,7,3
18080,ngr0412f,demo-3-pl,8,4
18080,ngr0412f,demo-3-pl,9,0
18080,ngr0412f,demo-3-pl,10,2
18080,ngr0412f,demo-3-pl,11,1
18080,ngr0412f,demo-3-pl,12,0
18080,ngr0412f,demo-3-pl,14,1
18081,ngr0412g,demo-3-pl,0,1
18081,ngr0412g,demo-3-pl,2,2001
18081,ngr0412g,demo-3-pl,3,1
18081,ngr0412g,demo-3-pl,4,5
18081,ngr0412g,demo-3-pl,6,3
18081,ngr0412g,demo-3-pl,7,1
18081,ngr0412g,demo-3-pl,8,4
18081,ngr0412g,demo-3-pl,9,0
18081,ngr0412g,demo-3-pl,10,1
18081,ngr0412g,demo-3-pl,11,1
18081,ngr0412g,demo-3-pl,12,1
18081,ngr0412g,demo-3-pl,13,10
18081,ngr0412g,demo-3-pl,14,1
18082,ngr0412h,demo-3-pl,0,1
18082,ngr0412h,demo-3-pl,2,2003
18082,ngr0412h,demo-3-pl,3,0
18082,ngr0412h,demo-3-pl,4,4
18082,ngr0412h,demo-3-pl,6,2
18082,ngr0412h,demo-3-pl,7,4
18082,ngr0412h,demo-3-pl,8,3
18082,ngr0412h,demo-3-pl,9,1
18082,ngr0412h,demo-3-pl,10,1
18082,ngr0412h,demo-3-pl,11,0
18082,ngr0412h,demo-3-pl,14,0
18083,ngr0412i,demo-3-pl,0,0
18083,ngr0412i,demo-3-pl,2,1999
18083,ngr0412i,demo-3-pl,3,0
18083,ngr0412i,demo-3-pl,4,4
18083,ngr0412i,demo-3-pl,6,1
18083,ngr0412i,demo-3-pl,7,2
18083,ngr0412i,demo-3-pl,8,3
18083,ngr0412i,demo-3-pl,9,1
18083,ngr0412i,demo-3-pl,10,2
18083,ngr0412i,demo-3-pl,11,1
18083,ngr0412i,demo-3-pl,12,1
18083,ngr0412i,demo-3-pl,13,3
18083,ngr0412i,demo-3-pl,14,0
18084,ngr0512a,demo-3-pl,0,1
18084,ngr0512a,demo-3-pl,2,2000
18084,ngr0512a,demo-3-pl,3,0
18084,ngr0512a,demo-3-pl,4,4
18084,ngr0512a,demo-3-pl,6,2
18084,ngr0512a,demo-3-pl,7,2
18084,ngr0512a,demo-3-pl,8,4
18084,ngr0512a,demo-3-pl,9,0
18084,ngr0512a,demo-3-pl,10,1
18084,ngr0512a,demo-3-pl,11,0
18084,ngr0512a,demo-3-pl,14,1
18086,ngr0512b,demo-3-pl,0,0
18086,ngr0512b,demo-3-pl,2,2002
18086,ngr0512b,demo-3-pl,3,0
18086,ngr0512b,demo-3-pl,4,4
18086,ngr0512b,demo-3-pl,6,3
18086,ngr0512b,demo-3-pl,7,2
18086,ngr0512b,demo-3-pl,8,3
18086,ngr0512b,demo-3-pl,9,0
18086,ngr0512b,demo-3-pl,10,0
18086,ngr0512b,demo-3-pl,11,1
18086,ngr0512b,demo-3-pl,12,1
18086,ngr0512b,demo-3-pl,13,1
18086,ngr0512b,demo-3-pl,14,1
18087,ngr0512c,demo-3-pl,0,1
18087,ngr0512c,demo-3-pl,2,1999
18087,ngr0512c,demo-3-pl,3,0
18087,ngr0512c,demo-3-pl,4,6
18087,ngr0512c,demo-3-pl,6,2
18087,ngr0512c,demo-3-pl,7,2
18087,ngr0512c,demo-3-pl,8,4
18087,ngr0512c,demo-3-pl,9,0
18087,ngr0512c,demo-3-pl,10,0
18087,ngr0512c,demo-3-pl,11,1
18087,ngr0512c,demo-3-pl,12,1
18087,ngr0512c,demo-3-pl,13,2
18087,ngr0512c,demo-3-pl,14,1
18088,ngr0512d,demo-3-pl,0,0
18088,ngr0512d,demo-3-pl,2,1999
18088,ngr0512d,demo-3-pl,3,0
18088,ngr0512d,demo-3-pl,4,6
18088,ngr0512d,demo-3-pl,6,2
18088,ngr0512d,demo-3-pl,7,2
18088,ngr0512d,demo-3-pl,8,4
18088,ngr0512d,demo-3-pl,9,0
18088,ngr0512d,demo-3-pl,10,1
18088,ngr0512d,demo-3-pl,11,1
18088,ngr0512d,demo-3-pl,12,1
18088,ngr0512d,demo-3-pl,13,2
18088,ngr0512d,demo-3-pl,14,1
18089,ngr0512f,demo-3-pl,0,1
18089,ngr0512f,demo-3-pl,2,2001
18089,ngr0512f,demo-3-pl,3,0
18089,ngr0512f,demo-3-pl,4,4
18089,ngr0512f,demo-3-pl,6,1
18089,ngr0512f,demo-3-pl,7,3
18089,ngr0512f,demo-3-pl,8,3
18089,ngr0512f,demo-3-pl,9,1
18089,ngr0512f,demo-3-pl,10,3
18089,ngr0512f,demo-3-pl,11,1
18089,ngr0512f,demo-3-pl,12,0
18089,ngr0512f,demo-3-pl,14,0
18090,ngr0512g,demo-3-pl,0,0
18090,ngr0512g,demo-3-pl,2,2000
18090,ngr0512g,demo-3-pl,3,0
18090,ngr0512g,demo-3-pl,4,4
18090,ngr0512g,demo-3-pl,6,3
18090,ngr0512g,demo-3-pl,7,1
18090,ngr0512g,demo-3-pl,8,3
18090,ngr0512g,demo-3-pl,9,1
18090,ngr0512g,demo-3-pl,10,1
18090,ngr0512g,demo-3-pl,11,1
18090,ngr0512g,demo-3-pl,12,1
18090,ngr0512g,demo-3-pl,13,0
18090,ngr0512g,demo-3-pl,14,1
18091,ngr0612e,demo-3-pl,0,0
18091,ngr0612e,demo-3-pl,2,2000
18091,ngr0612e,demo-3-pl,3,0
18091,ngr0612e,demo-3-pl,4,4
18091,ngr0612e,demo-3-pl,6,2
18091,ngr0612e,demo-3-pl,7,3
18091,ngr0612e,demo-3-pl,8,4
18091,ngr0612e,demo-3-pl,9,0
18091,ngr0612e,demo-3-pl,10,1
18091,ngr0612e,demo-3-pl,11,1
18091,ngr0612e,demo-3-pl,12,1
18091,ngr0612e,demo-3-pl,13,0
18091,ngr0612e,demo-3-pl,14,1
18092,ngr0612f,demo-3-pl,0,0
18092,ngr0612f,demo-3-pl,2,2000
18092,ngr0612f,demo-3-pl,3,0
18092,ngr0612f,demo-3-pl,4,5
18092,ngr0612f,demo-3-pl,6,2
18092,ngr0612f,demo-3-pl,7,3
18092,ngr0612f,demo-3-pl,8,3
18092,ngr0612f,demo-3-pl,9,0
18092,ngr0612f,demo-3-pl,10,0
18092,ngr0612f,demo-3-pl,11,0
18092,ngr0612f,demo-3-pl,14,0
18093,ngr0612g,demo-3-pl,0,0
18093,ngr0612g,demo-3-pl,2,2000
18093,ngr0612g,demo-3-pl,3,3
18093,ngr0612g,demo-3-pl,4,4
18093,ngr0612g,demo-3-pl,6,2
18093,ngr0612g,demo-3-pl,7,2
18093,ngr0612g,demo-3-pl,8,4
18093,ngr0612g,demo-3-pl,9,0
18093,ngr0612g,demo-3-pl,10,2
18093,ngr0612g,demo-3-pl,11,1
18093,ngr0612g,demo-3-pl,12,0
18093,ngr0612g,demo-3-pl,14,1
18094,ngr0612h,demo-3-pl,0,1
18094,ngr0612h,demo-3-pl,2,1998
18094,ngr0612h,demo-3-pl,3,0
18094,ngr0612h,demo-3-pl,4,5
18094,ngr0612h,demo-3-pl,6,2
18094,ngr0612h,demo-3-pl,7,2
18094,ngr0612h,demo-3-pl,8,3
18094,ngr0612h,demo-3-pl,9,0
18094,ngr0612h,demo-3-pl,10,2
18094,ngr0612h,demo-3-pl,11,1
18094,ngr0612h,demo-3-pl,12,1
18094,ngr0612h,demo-3-pl,13,8
18094,ngr0612h,demo-3-pl,14,1
18095,ngr0612i,demo-3-pl,0,1
18095,ngr0612i,demo-3-pl,2,2001
18095,ngr0612i,demo-3-pl,3,2
18095,ngr0612i,demo-3-pl,4,4
18095,ngr0612i,demo-3-pl,6,2
18095,ngr0612i,demo-3-pl,7,2
18095,ngr0612i,demo-3-pl,8,4
18095,ngr0612i,demo-3-pl,9,0
18095,ngr0612i,demo-3-pl,10,1
18095,ngr0612i,demo-3-pl,11,1
18095,ngr0612i,demo-3-pl,12,1
18095,ngr0612i,demo-3-pl,13,2
18095,ngr0612i,demo-3-pl,14,1
18096,ngr0712b,demo-3-pl,0,0
18096,ngr0712b,demo-3-pl,2,2002
18096,ngr0712b,demo-3-pl,3,0
18096,ngr0712b,demo-3-pl,4,4
18096,ngr0712b,demo-3-pl,6,2
18096,ngr0712b,demo-3-pl,7,3
18096,ngr0712b,demo-3-pl,8,4
18096,ngr0712b,demo-3-pl,9,0
18096,ngr0712b,demo-3-pl,10,1
18096,ngr0712b,demo-3-pl,11,1
18096,ngr0712b,demo-3-pl,12,0
18096,ngr0712b,demo-3-pl,14,0
18097,ngr0712c,demo-3-pl,0,1
18097,ngr0712c,demo-3-pl,2,1998
18097,ngr0712c,demo-3-pl,3,3
18097,ngr0712c,demo-3-pl,4,4
18097,ngr0712c,demo-3-pl,6,1
18097,ngr0712c,demo-3-pl,7,2
18097,ngr0712c,demo-3-pl,8,5
18097,ngr0712c,demo-3-pl,9,0
18097,ngr0712c,demo-3-pl,10,3
18097,ngr0712c,demo-3-pl,11,1
18097,ngr0712c,demo-3-pl,12,1
18097,ngr0712c,demo-3-pl,13,8
18097,ngr0712c,demo-3-pl,14,0
18098,ngr0712d,demo-3-pl,0,0
18098,ngr0712d,demo-3-pl,2,2001
18098,ngr0712d,demo-3-pl,3,0
18098,ngr0712d,demo-3-pl,4,5
18098,ngr0712d,demo-3-pl,6,2
18098,ngr0712d,demo-3-pl,7,1
18098,ngr0712d,demo-3-pl,8,3
18098,ngr0712d,demo-3-pl,9,1
18098,ngr0712d,demo-3-pl,10,2
18098,ngr0712d,demo-3-pl,11,1
18098,ngr0712d,demo-3-pl,12,1
18098,ngr0712d,demo-3-pl,13,1
18098,ngr0712d,demo-3-pl,14,0
18099,ngr0712f,demo-3-pl,0,1
18099,ngr0712f,demo-3-pl,2,1998
18099,ngr0712f,demo-3-pl,3,0
18099,ngr0712f,demo-3-pl,4,5
18099,ngr0712f,demo-3-pl,6,2
18099,ngr0712f,demo-3-pl,7,2
18099,ngr0712f,demo-3-pl,8,3
18099,ngr0712f,demo-3-pl,9,0
18099,ngr0712f,demo-3-pl,10,2
18099,ngr0712f,demo-3-pl,11,1
18099,ngr0712f,demo-3-pl,12,1
18099,ngr0712f,demo-3-pl,13,5
18099,ngr0712f,demo-3-pl,14,1
18100,ngr0712g,demo-3-pl,0,0
18100,ngr0712g,demo-3-pl,2,2001
18100,ngr0712g,demo-3-pl,3,0
18100,ngr0712g,demo-3-pl,4,4
18100,ngr0712g,demo-3-pl,6,2
18100,ngr0712g,demo-3-pl,7,2
18100,ngr0712g,demo-3-pl,8,4
18100,ngr0712g,demo-3-pl,9,1
18100,ngr0712g,demo-3-pl,10,2
18100,ngr0712g,demo-3-pl,11,0
18100,ngr0712g,demo-3-pl,14,1
18101,ngr0712h,demo-3-pl,0,0
18101,ngr0712h,demo-3-pl,2,1998
18101,ngr0712h,demo-3-pl,3,0
18101,ngr0712h,demo-3-pl,4,5
18101,ngr0712h,demo-3-pl,6,2
18101,ngr0712h,demo-3-pl,7,1
18101,ngr0712h,demo-3-pl,8,3
18101,ngr0712h,demo-3-pl,9,1
18101,ngr0712h,demo-3-pl,10,2
18101,ngr0712h,demo-3-pl,11,1
18101,ngr0712h,demo-3-pl,12,1
18101,ngr0712h,demo-3-pl,13,0
18101,ngr0712h,demo-3-pl,14,1
18102,ngr0712i,demo-3-pl,0,1
18102,ngr0712i,demo-3-pl,2,2002
18102,ngr0712i,demo-3-pl,3,0
18102,ngr0712i,demo-3-pl,4,4
18102,ngr0712i,demo-3-pl,6,2
18102,ngr0712i,demo-3-pl,7,2
18102,ngr0712i,demo-3-pl,8,4
18102,ngr0712i,demo-3-pl,9,0
18102,ngr0712i,demo-3-pl,10,0
18102,ngr0712i,demo-3-pl,11,0
18102,ngr0712i,demo-3-pl,14,0
18103,ngr0812a,demo-3-pl,0,1
18103,ngr0812a,demo-3-pl,2,2001
18103,ngr0812a,demo-3-pl,3,0
18103,ngr0812a,demo-3-pl,4,4
18103,ngr0812a,demo-3-pl,6,1
18103,ngr0812a,demo-3-pl,7,2
18103,ngr0812a,demo-3-pl,8,3
18103,ngr0812a,demo-3-pl,9,0
18103,ngr0812a,demo-3-pl,10,1
18103,ngr0812a,demo-3-pl,11,0
18103,ngr0812a,demo-3-pl,14,0
18104,ngr0812d,demo-3-pl,0,1
18104,ngr0812d,demo-3-pl,2,2001
18104,ngr0812d,demo-3-pl,3,0
18104,ngr0812d,demo-3-pl,4,5
18104,ngr0812d,demo-3-pl,6,3
18104,ngr0812d,demo-3-pl,7,2
18104,ngr0812d,demo-3-pl,8,4
18104,ngr0812d,demo-3-pl,9,0
18104,ngr0812d,demo-3-pl,10,1
18104,ngr0812d,demo-3-pl,11,1
18104,ngr0812d,demo-3-pl,12,1
18104,ngr0812d,demo-3-pl,13,3
18104,ngr0812d,demo-3-pl,14,1
18105,ngr0812e,demo-3-pl,0,1
18105,ngr0812e,demo-3-pl,2,1999
18105,ngr0812e,demo-3-pl,3,0
18105,ngr0812e,demo-3-pl,4,4
18105,ngr0812e,demo-3-pl,6,2
18105,ngr0812e,demo-3-pl,7,2
18105,ngr0812e,demo-3-pl,8,3
18105,ngr0812e,demo-3-pl,9,0
18105,ngr0812e,demo-3-pl,10,0
18105,ngr0812e,demo-3-pl,11,1
18105,ngr0812e,demo-3-pl,12,0
18105,ngr0812e,demo-3-pl,14,1
18106,ngr0812f,demo-3-pl,0,0
18106,ngr0812f,demo-3-pl,2,2002
18106,ngr0812f,demo-3-pl,3,0
18106,ngr0812f,demo-3-pl,4,4
18106,ngr0812f,demo-3-pl,6,2
18106,ngr0812f,demo-3-pl,7,4
18106,ngr0812f,demo-3-pl,8,5
18106,ngr0812f,demo-3-pl,9,0
18106,ngr0812f,demo-3-pl,10,1
18106,ngr0812f,demo-3-pl,11,1
18106,ngr0812f,demo-3-pl,12,1
18106,ngr0812f,demo-3-pl,13,7
18106,ngr0812f,demo-3-pl,14,1
18107,ngr0812g,demo-3-pl,0,0
18107,ngr0812g,demo-3-pl,2,1999
18107,ngr0812g,demo-3-pl,3,0
18107,ngr0812g,demo-3-pl,4,4
18107,ngr0812g,demo-3-pl,6,3
18107,ngr0812g,demo-3-pl,7,1
18107,ngr0812g,demo-3-pl,8,4
18107,ngr0812g,demo-3-pl,9,0
18107,ngr0812g,demo-3-pl,10,2
18107,ngr0812g,demo-3-pl,11,1
18107,ngr0812g,demo-3-pl,12,1
18107,ngr0812g,demo-3-pl,13,2
18107,ngr0812g,demo-3-pl,14,0
18108,ngr0812h,demo-3-pl,0,0
18108,ngr0812h,demo-3-pl,2,1998
18108,ngr0812h,demo-3-pl,3,0
18108,ngr0812h,demo-3-pl,4,6
18108,ngr0812h,demo-3-pl,6,3
18108,ngr0812h,demo-3-pl,7,2
18108,ngr0812h,demo-3-pl,8,4
18108,ngr0812h,demo-3-pl,9,0
18108,ngr0812h,demo-3-pl,10,1
18108,ngr0812h,demo-3-pl,11,1
18108,ngr0812h,demo-3-pl,12,1
18108,ngr0812h,demo-3-pl,13,1
18108,ngr0812h,demo-3-pl,14,0
18109,ngr0812i,demo-3-pl,0,1
18109,ngr0812i,demo-3-pl,2,1999
18109,ngr0812i,demo-3-pl,3,0
18109,ngr0812i,demo-3-pl,4,6
18109,ngr0812i,demo-3-pl,6,2
18109,ngr0812i,demo-3-pl,7,2
18109,ngr0812i,demo-3-pl,8,3
18109,ngr0812i,demo-3-pl,9,0
18109,ngr0812i,demo-3-pl,10,0
18109,ngr0812i,demo-3-pl,11,0
18109,ngr0812i,demo-3-pl,14,1
18110,ngr0812j,demo-3-pl,0,1
18110,ngr0812j,demo-3-pl,2,2002
18110,ngr0812j,demo-3-pl,3,0
18110,ngr0812j,demo-3-pl,4,4
18110,ngr0812j,demo-3-pl,6,2
18110,ngr0812j,demo-3-pl,7,3
18110,ngr0812j,demo-3-pl,8,4
18110,ngr0812j,demo-3-pl,9,1
18110,ngr0812j,demo-3-pl,10,1
18110,ngr0812j,demo-3-pl,11,0
18110,ngr0812j,demo-3-pl,14,1
18111,ngr0812k,demo-3-pl,0,0
18111,ngr0812k,demo-3-pl,2,2001
18111,ngr0812k,demo-3-pl,3,0
18111,ngr0812k,demo-3-pl,4,4
18111,ngr0812k,demo-3-pl,6,2
18111,ngr0812k,demo-3-pl,7,3
18111,ngr0812k,demo-3-pl,8,4
18111,ngr0812k,demo-3-pl,9,0
18111,ngr0812k,demo-3-pl,10,1
18111,ngr0812k,demo-3-pl,11,0
18111,ngr0812k,demo-3-pl,14,0
18112,ngr0912b,demo-3-pl,0,0
18112,ngr0912b,demo-3-pl,2,1998
18112,ngr0912b,demo-3-pl,3,0
18112,ngr0912b,demo-3-pl,4,4
18112,ngr0912b,demo-3-pl,6,2
18112,ngr0912b,demo-3-pl,7,1
18112,ngr0912b,demo-3-pl,8,3
18112,ngr0912b,demo-3-pl,9,0
18112,ngr0912b,demo-3-pl,10,2
18112,ngr0912b,demo-3-pl,11,1
18112,ngr0912b,demo-3-pl,12,1
18112,ngr0912b,demo-3-pl,13,2
18112,ngr0912b,demo-3-pl,14,0
18113,ngr0912c,demo-3-pl,0,0
18113,ngr0912c,demo-3-pl,2,2001
18113,ngr0912c,demo-3-pl,3,0
18113,ngr0912c,demo-3-pl,4,5
18113,ngr0912c,demo-3-pl,6,2
18113,ngr0912c,demo-3-pl,7,2
18113,ngr0912c,demo-3-pl,8,4
18113,ngr0912c,demo-3-pl,9,0
18113,ngr0912c,demo-3-pl,10,0
18113,ngr0912c,demo-3-pl,11,0
18113,ngr0912c,demo-3-pl,14,0
18114,ngr0912d,demo-3-pl,0,0
18114,ngr0912d,demo-3-pl,2,2001
18114,ngr0912d,demo-3-pl,3,0
18114,ngr0912d,demo-3-pl,4,5
18114,ngr0912d,demo-3-pl,6,1
18114,ngr0912d,demo-3-pl,7,4
18114,ngr0912d,demo-3-pl,8,3
18114,ngr0912d,demo-3-pl,9,1
18114,ngr0912d,demo-3-pl,10,1
18114,ngr0912d,demo-3-pl,11,1
18114,ngr0912d,demo-3-pl,12,1
18114,ngr0912d,demo-3-pl,13,7
18114,ngr0912d,demo-3-pl,14,2
18115,ngr0912e,demo-3-pl,0,1
18115,ngr0912e,demo-3-pl,2,2001
18115,ngr0912e,demo-3-pl,3,2
18115,ngr0912e,demo-3-pl,4,4
18115,ngr0912e,demo-3-pl,6,2
18115,ngr0912e,demo-3-pl,7,3
18115,ngr0912e,demo-3-pl,8,3
18115,ngr0912e,demo-3-pl,9,0
18115,ngr0912e,demo-3-pl,10,2
18115,ngr0912e,demo-3-pl,11,1
18115,ngr0912e,demo-3-pl,12,1
18115,ngr0912e,demo-3-pl,13,9
18115,ngr0912e,demo-3-pl,14,1
18116,ngr0912f,demo-3-pl,0,0
18116,ngr0912f,demo-3-pl,2,2003
18116,ngr0912f,demo-3-pl,3,3
18116,ngr0912f,demo-3-pl,4,4
18116,ngr0912f,demo-3-pl,6,1
18116,ngr0912f,demo-3-pl,7,1
18116,ngr0912f,demo-3-pl,8,4
18116,ngr0912f,demo-3-pl,9,1
18116,ngr0912f,demo-3-pl,10,2
18116,ngr0912f,demo-3-pl,11,0
18116,ngr0912f,demo-3-pl,14,1
18117,ngr0912g,demo-3-pl,0,1
18117,ngr0912g,demo-3-pl,2,2000
18117,ngr0912g,demo-3-pl,3,0
18117,ngr0912g,demo-3-pl,4,4
18117,ngr0912g,demo-3-pl,6,1
18117,ngr0912g,demo-3-pl,7,4
18117,ngr0912g,demo-3-pl,8,3
18117,ngr0912g,demo-3-pl,9,0
18117,ngr0912g,demo-3-pl,10,2
18117,ngr0912g,demo-3-pl,11,1
18117,ngr0912g,demo-3-pl,12,1
18117,ngr0912g,demo-3-pl,13,5
18117,ngr0912g,demo-3-pl,14,0
18118,ngr0912h,demo-3-pl,0,1
18118,ngr0912h,demo-3-pl,2,2003
18118,ngr0912h,demo-3-pl,3,0
18118,ngr0912h,demo-3-pl,4,4
18118,ngr0912h,demo-3-pl,6,1
18118,ngr0912h,demo-3-pl,7,1
18118,ngr0912h,demo-3-pl,8,3
18118,ngr0912h,demo-3-pl,9,1
18118,ngr0912h,demo-3-pl,10,2
18118,ngr0912h,demo-3-pl,11,1
18118,ngr0912h,demo-3-pl,12,1
18118,ngr0912h,demo-3-pl,13,7
18118,ngr0912h,demo-3-pl,14,1
18119,ngr1012b,demo-3-pl,0,0
18119,ngr1012b,demo-3-pl,2,2000
18119,ngr1012b,demo-3-pl,3,2
18119,ngr1012b,demo-3-pl,4,4
18119,ngr1012b,demo-3-pl,6,3
18119,ngr1012b,demo-3-pl,7,2
18119,ngr1012b,demo-3-pl,8,3
18119,ngr1012b,demo-3-pl,9,1
18119,ngr1012b,demo-3-pl,10,1
18119,ngr1012b,demo-3-pl,11,1
18119,ngr1012b,demo-3-pl,12,1
18119,ngr1012b,demo-3-pl,13,2
18119,ngr1012b,demo-3-pl,14,2
18120,ngr1012c,demo-3-pl,0,0
18120,ngr1012c,demo-3-pl,2,2001
18120,ngr1012c,demo-3-pl,3,0
18120,ngr1012c,demo-3-pl,4,4
18120,ngr1012c,demo-3-pl,6,2
18120,ngr1012c,demo-3-pl,7,3
18120,ngr1012c,demo-3-pl,8,4
18120,ngr1012c,demo-3-pl,9,1
18120,ngr1012c,demo-3-pl,10,2
18120,ngr1012c,demo-3-pl,11,1
18120,ngr1012c,demo-3-pl,12,0
18120,ngr1012c,demo-3-pl,14,0
18121,ngr1012d,demo-3-pl,0,1
18121,ngr1012d,demo-3-pl,2,1998
18121,ngr1012d,demo-3-pl,3,0
18121,ngr1012d,demo-3-pl,4,4
18121,ngr1012d,demo-3-pl,6,3
18121,ngr1012d,demo-3-pl,7,4
18121,ngr1012d,demo-3-pl,8,3
18121,ngr1012d,demo-3-pl,9,1
18121,ngr1012d,demo-3-pl,10,1
18121,ngr1012d,demo-3-pl,11,1
18121,ngr1012d,demo-3-pl,12,1
18121,ngr1012d,demo-3-pl,13,8
18121,ngr1012d,demo-3-pl,14,1
18122,ngr1012e,demo-3-pl,0,0
18122,ngr1012e,demo-3-pl,2,2001
18122,ngr1012e,demo-3-pl,3,0
18122,ngr1012e,demo-3-pl,4,5
18122,ngr1012e,demo-3-pl,6,2
18122,ngr1012e,demo-3-pl,7,2
18122,ngr1012e,demo-3-pl,8,3
18122,ngr1012e,demo-3-pl,9,1
18122,ngr1012e,demo-3-pl,10,2
18122,ngr1012e,demo-3-pl,11,1
18122,ngr1012e,demo-3-pl,12,1
18122,ngr1012e,demo-3-pl,13,2
18122,ngr1012e,demo-3-pl,14,1
18123,ngr1012f,demo-3-pl,0,0
18123,ngr1012f,demo-3-pl,2,2000
18123,ngr1012f,demo-3-pl,3,0
18123,ngr1012f,demo-3-pl,4,4
18123,ngr1012f,demo-3-pl,6,3
18123,ngr1012f,demo-3-pl,7,2
18123,ngr1012f,demo-3-pl,8,4
18123,ngr1012f,demo-3-pl,9,0
18123,ngr1012f,demo-3-pl,10,2
18123,ngr1012f,demo-3-pl,11,1
18123,ngr1012f,demo-3-pl,12,1
18123,ngr1012f,demo-3-pl,13,2
18123,ngr1012f,demo-3-pl,14,0
18124,ngr1012g,demo-3-pl,0,0
18124,ngr1012g,demo-3-pl,2,1999
18124,ngr1012g,demo-3-pl,3,0
18124,ngr1012g,demo-3-pl,4,4
18124,ngr1012g,demo-3-pl,6,2
18124,ngr1012g,demo-3-pl,7,1
18124,ngr1012g,demo-3-pl,8,3
18124,ngr1012g,demo-3-pl,9,0
18124,ngr1012g,demo-3-pl,10,1
18124,ngr1012g,demo-3-pl,11,0
18124,ngr1012g,demo-3-pl,14,1
18125,ngr1012h,demo-3-pl,0,0
18125,ngr1012h,demo-3-pl,2,2003
18125,ngr1012h,demo-3-pl,3,1
18125,ngr1012h,demo-3-pl,4,4
18125,ngr1012h,demo-3-pl,6,3
18125,ngr1012h,demo-3-pl,7,2
18125,ngr1012h,demo-3-pl,8,4
18125,ngr1012h,demo-3-pl,9,0
18125,ngr1012h,demo-3-pl,10,1
18125,ngr1012h,demo-3-pl,11,0
18125,ngr1012h,demo-3-pl,14,0
18126,ngr1012i,demo-3-pl,0,1
18126,ngr1012i,demo-3-pl,2,2003
18126,ngr1012i,demo-3-pl,3,0
18126,ngr1012i,demo-3-pl,4,3
18126,ngr1012i,demo-3-pl,6,2
18126,ngr1012i,demo-3-pl,7,2
18126,ngr1012i,demo-3-pl,8,3
18126,ngr1012i,demo-3-pl,9,1
18126,ngr1012i,demo-3-pl,10,3
18126,ngr1012i,demo-3-pl,11,0
18126,ngr1012i,demo-3-pl,14,1
18127,ngr1112a,demo-3-pl,0,0
18127,ngr1112a,demo-3-pl,2,1998
18127,ngr1112a,demo-3-pl,3,0
18127,ngr1112a,demo-3-pl,4,6
18127,ngr1112a,demo-3-pl,6,3
18127,ngr1112a,demo-3-pl,7,1
18127,ngr1112a,demo-3-pl,8,3
18127,ngr1112a,demo-3-pl,9,1
18127,ngr1112a,demo-3-pl,10,1
18127,ngr1112a,demo-3-pl,11,1
18127,ngr1112a,demo-3-pl,12,1
18127,ngr1112a,demo-3-pl,13,4
18127,ngr1112a,demo-3-pl,14,1
18128,ngr1112b,demo-3-pl,0,1
18128,ngr1112b,demo-3-pl,2,2001
18128,ngr1112b,demo-3-pl,3,0
18128,ngr1112b,demo-3-pl,4,4
18128,ngr1112b,demo-3-pl,6,2
18128,ngr1112b,demo-3-pl,7,3
18128,ngr1112b,demo-3-pl,8,3
18128,ngr1112b,demo-3-pl,9,0
18128,ngr1112b,demo-3-pl,10,1
18128,ngr1112b,demo-3-pl,11,0
18128,ngr1112b,demo-3-pl,14,1
18129,ngr1112c,demo-3-pl,0,0
18129,ngr1112c,demo-3-pl,2,2003
18129,ngr1112c,demo-3-pl,3,1
18129,ngr1112c,demo-3-pl,4,4
18129,ngr1112c,demo-3-pl,6,2
18129,ngr1112c,demo-3-pl,7,2
18129,ngr1112c,demo-3-pl,8,4
18129,ngr1112c,demo-3-pl,9,1
18129,ngr1112c,demo-3-pl,10,1
18129,ngr1112c,demo-3-pl,11,1
18129,ngr1112c,demo-3-pl,12,1
18129,ngr1112c,demo-3-pl,13,3
18129,ngr1112c,demo-3-pl,14,1
18130,ngr1112d,demo-3-pl,0,1
18130,ngr1112d,demo-3-pl,2,1999
18130,ngr1112d,demo-3-pl,3,0
18130,ngr1112d,demo-3-pl,4,6
18130,ngr1112d,demo-3-pl,6,3
18130,ngr1112d,demo-3-pl,7,2
18130,ngr1112d,demo-3-pl,8,3
18130,ngr1112d,demo-3-pl,9,1
18130,ngr1112d,demo-3-pl,10,1
18130,ngr1112d,demo-3-pl,11,1
18130,ngr1112d,demo-3-pl,12,1
18130,ngr1112d,demo-3-pl,13,8
18130,ngr1112d,demo-3-pl,14,1
18131,ngr1112e,demo-3-pl,0,0
18131,ngr1112e,demo-3-pl,2,1998
18131,ngr1112e,demo-3-pl,3,0
18131,ngr1112e,demo-3-pl,4,4
18131,ngr1112e,demo-3-pl,6,2
18131,ngr1112e,demo-3-pl,7,3
18131,ngr1112e,demo-3-pl,8,3
18131,ngr1112e,demo-3-pl,9,1
18131,ngr1112e,demo-3-pl,10,2
18131,ngr1112e,demo-3-pl,11,0
18131,ngr1112e,demo-3-pl,14,0
18132,ngr1112f,demo-3-pl,0,1
18132,ngr1112f,demo-3-pl,2,2000
18132,ngr1112f,demo-3-pl,3,0
18132,ngr1112f,demo-3-pl,4,4
18132,ngr1112f,demo-3-pl,6,2
18132,ngr1112f,demo-3-pl,7,1
18132,ngr1112f,demo-3-pl,8,3
18132,ngr1112f,demo-3-pl,9,1
18132,ngr1112f,demo-3-pl,10,0
18132,ngr1112f,demo-3-pl,11,1
18132,ngr1112f,demo-3-pl,12,0
18132,ngr1112f,demo-3-pl,14,2
18133,ngr1112g,demo-3-pl,0,0
18133,ngr1112g,demo-3-pl,2,2001
18133,ngr1112g,demo-3-pl,3,1
18133,ngr1112g,demo-3-pl,4,4
18133,ngr1112g,demo-3-pl,6,2
18133,ngr1112g,demo-3-pl,7,2
18133,ngr1112g,demo-3-pl,8,4
18133,ngr1112g,demo-3-pl,9,0
18133,ngr1112g,demo-3-pl,10,1
18133,ngr1112g,demo-3-pl,11,1
18133,ngr1112g,demo-3-pl,12,1
18133,ngr1112g,demo-3-pl,13,6
18133,ngr1112g,demo-3-pl,14,1
18134,ngr1112h,demo-3-pl,0,0
18134,ngr1112h,demo-3-pl,2,2002
18134,ngr1112h,demo-3-pl,3,1
18134,ngr1112h,demo-3-pl,4,4
18134,ngr1112h,demo-3-pl,6,2
18134,ngr1112h,demo-3-pl,7,2
18134,ngr1112h,demo-3-pl,8,4
18134,ngr1112h,demo-3-pl,9,0
18134,ngr1112h,demo-3-pl,10,1
18134,ngr1112h,demo-3-pl,11,0
18134,ngr1112h,demo-3-pl,14,1
18135,ngr1112i,demo-3-pl,0,0
18135,ngr1112i,demo-3-pl,2,2000
18135,ngr1112i,demo-3-pl,3,0
18135,ngr1112i,demo-3-pl,4,4
18135,ngr1112i,demo-3-pl,6,1
18135,ngr1112i,demo-3-pl,7,1
18135,ngr1112i,demo-3-pl,8,4
18135,ngr1112i,demo-3-pl,9,0
18135,ngr1112i,demo-3-pl,10,1
18135,ngr1112i,demo-3-pl,11,0
18135,ngr1112i,demo-3-pl,14,1
18136,ngr1212b,demo-3-pl,0,1
18136,ngr1212b,demo-3-pl,2,1998
18136,ngr1212b,demo-3-pl,3,0
18136,ngr1212b,demo-3-pl,4,6
18136,ngr1212b,demo-3-pl,6,2
18136,ngr1212b,demo-3-pl,7,3
18136,ngr1212b,demo-3-pl,8,4
18136,ngr1212b,demo-3-pl,9,0
18136,ngr1212b,demo-3-pl,10,0
18136,ngr1212b,demo-3-pl,11,0
18136,ngr1212b,demo-3-pl,14,1
18137,ngr1212c,demo-3-pl,0,0
18137,ngr1212c,demo-3-pl,2,1998
18137,ngr1212c,demo-3-pl,3,0
18137,ngr1212c,demo-3-pl,4,5
18137,ngr1212c,demo-3-pl,6,4
18137,ngr1212c,demo-3-pl,7,1
18137,ngr1212c,demo-3-pl,8,4
18137,ngr1212c,demo-3-pl,9,0
18137,ngr1212c,demo-3-pl,10,2
18137,ngr1212c,demo-3-pl,11,1
18137,ngr1212c,demo-3-pl,12,1
18137,ngr1212c,demo-3-pl,13,5
18137,ngr1212c,demo-3-pl,14,0
18138,ngr1212d,demo-3-pl,0,0
18138,ngr1212d,demo-3-pl,2,2002
18138,ngr1212d,demo-3-pl,3,0
18138,ngr1212d,demo-3-pl,4,4
18138,ngr1212d,demo-3-pl,6,3
18138,ngr1212d,demo-3-pl,7,4
18138,ngr1212d,demo-3-pl,8,3
18138,ngr1212d,demo-3-pl,9,0
18138,ngr1212d,demo-3-pl,10,0
18138,ngr1212d,demo-3-pl,11,1
18138,ngr1212d,demo-3-pl,12,1
18138,ngr1212d,demo-3-pl,13,2
18138,ngr1212d,demo-3-pl,14,1
18139,ngr1212e,demo-3-pl,0,0
18139,ngr1212e,demo-3-pl,2,2002
18139,ngr1212e,demo-3-pl,3,0
18139,ngr1212e,demo-3-pl,4,4
18139,ngr1212e,demo-3-pl,6,2
18139,ngr1212e,demo-3-pl,7,3
18139,ngr1212e,demo-3-pl,8,3
18139,ngr1212e,demo-3-pl,9,1
18139,ngr1212e,demo-3-pl,10,2
18139,ngr1212e,demo-3-pl,11,0
18139,ngr1212e,demo-3-pl,14,1
18140,ngr1212f,demo-3-pl,0,1
18140,ngr1212f,demo-3-pl,2,1997
18140,ngr1212f,demo-3-pl,3,0
18140,ngr1212f,demo-3-pl,4,4
18140,ngr1212f,demo-3-pl,6,2
18140,ngr1212f,demo-3-pl,7,3
18140,ngr1212f,demo-3-pl,8,3
18140,ngr1212f,demo-3-pl,9,0
18140,ngr1212f,demo-3-pl,10,3
18140,ngr1212f,demo-3-pl,11,0
18140,ngr1212f,demo-3-pl,14,0
18141,ngr1212g,demo-3-pl,0,1
18141,ngr1212g,demo-3-pl,2,2002
18141,ngr1212g,demo-3-pl,3,0
18141,ngr1212g,demo-3-pl,4,4
18141,ngr1212g,demo-3-pl,6,3
18141,ngr1212g,demo-3-pl,7,3
18141,ngr1212g,demo-3-pl,8,4
18141,ngr1212g,demo-3-pl,9,0
18141,ngr1212g,demo-3-pl,10,3
18141,ngr1212g,demo-3-pl,11,1
18141,ngr1212g,demo-3-pl,12,1
18141,ngr1212g,demo-3-pl,13,8
18141,ngr1212g,demo-3-pl,14,1
18142,ngr1312b,demo-3-pl,0,1
18142,ngr1312b,demo-3-pl,2,2002
18142,ngr1312b,demo-3-pl,3,0
18142,ngr1312b,demo-3-pl,4,4
18142,ngr1312b,demo-3-pl,6,2
18142,ngr1312b,demo-3-pl,7,2
18142,ngr1312b,demo-3-pl,8,3
18142,ngr1312b,demo-3-pl,9,0
18142,ngr1312b,demo-3-pl,10,2
18142,ngr1312b,demo-3-pl,11,0
18142,ngr1312b,demo-3-pl,14,0
18143,ngr1312c,demo-3-pl,0,0
18143,ngr1312c,demo-3-pl,2,2003
18143,ngr1312c,demo-3-pl,3,0
18143,ngr1312c,demo-3-pl,4,4
18143,ngr1312c,demo-3-pl,6,2
18143,ngr1312c,demo-3-pl,7,2
18143,ngr1312c,demo-3-pl,8,4
18143,ngr1312c,demo-3-pl,9,0
18143,ngr1312c,demo-3-pl,10,0
18143,ngr1312c,demo-3-pl,11,1
18143,ngr1312c,demo-3-pl,12,0
18143,ngr1312c,demo-3-pl,14,0
18144,ngr1312d,demo-3-pl,0,0
18144,ngr1312d,demo-3-pl,2,1998
18144,ngr1312d,demo-3-pl,3,0
18144,ngr1312d,demo-3-pl,4,4
18144,ngr1312d,demo-3-pl,6,3
18144,ngr1312d,demo-3-pl,7,1
18144,ngr1312d,demo-3-pl,8,5
18144,ngr1312d,demo-3-pl,9,1
18144,ngr1312d,demo-3-pl,10,1
18144,ngr1312d,demo-3-pl,11,1
18144,ngr1312d,demo-3-pl,12,1
18144,ngr1312d,demo-3-pl,13,6
18144,ngr1312d,demo-3-pl,14,0
18145,ngr1312h,demo-3-pl,0,0
18145,ngr1312h,demo-3-pl,2,2001
18145,ngr1312h,demo-3-pl,3,2
18145,ngr1312h,demo-3-pl,4,4
18145,ngr1312h,demo-3-pl,6,3
18145,ngr1312h,demo-3-pl,7,1
18145,ngr1312h,demo-3-pl,8,4
18145,ngr1312h,demo-3-pl,9,1
18145,ngr1312h,demo-3-pl,10,0
18145,ngr1312h,demo-3-pl,11,0
18145,ngr1312h,demo-3-pl,14,2
18146,ngr1312i,demo-3-pl,0,1
18146,ngr1312i,demo-3-pl,2,1998
18146,ngr1312i,demo-3-pl,3,0
18146,ngr1312i,demo-3-pl,4,5
18146,ngr1312i,demo-3-pl,6,2
18146,ngr1312i,demo-3-pl,7,3
18146,ngr1312i,demo-3-pl,8,4
18146,ngr1312i,demo-3-pl,9,0
18146,ngr1312i,demo-3-pl,10,0
18146,ngr1312i,demo-3-pl,11,0
18146,ngr1312i,demo-3-pl,14,1
18147,ngr1412a,demo-3-pl,0,0
18147,ngr1412a,demo-3-pl,2,2003
18147,ngr1412a,demo-3-pl,3,0
18147,ngr1412a,demo-3-pl,4,4
18147,ngr1412a,demo-3-pl,6,2
18147,ngr1412a,demo-3-pl,7,2
18147,ngr1412a,demo-3-pl,8,2
18147,ngr1412a,demo-3-pl,9,1
18147,ngr1412a,demo-3-pl,10,0
18147,ngr1412a,demo-3-pl,11,1
18147,ngr1412a,demo-3-pl,12,1
18147,ngr1412a,demo-3-pl,13,2
18147,ngr1412a,demo-3-pl,14,1
18148,ngr1412b,demo-3-pl,0,0
18148,ngr1412b,demo-3-pl,2,2002
18148,ngr1412b,demo-3-pl,3,0
18148,ngr1412b,demo-3-pl,4,4
18148,ngr1412b,demo-3-pl,6,2
18148,ngr1412b,demo-3-pl,7,2
18148,ngr1412b,demo-3-pl,8,4
18148,ngr1412b,demo-3-pl,9,1
18148,ngr1412b,demo-3-pl,10,1
18148,ngr1412b,demo-3-pl,11,1
18148,ngr1412b,demo-3-pl,12,1
18148,ngr1412b,demo-3-pl,13,3
18148,ngr1412b,demo-3-pl,14,1
18149,ngr1412d,demo-3-pl,0,1
18149,ngr1412d,demo-3-pl,2,2001
18149,ngr1412d,demo-3-pl,3,4
18149,ngr1412d,demo-3-pl,4,4
18149,ngr1412d,demo-3-pl,6,2
18149,ngr1412d,demo-3-pl,7,1
18149,ngr1412d,demo-3-pl,8,5
18149,ngr1412d,demo-3-pl,9,0
18149,ngr1412d,demo-3-pl,10,0
18149,ngr1412d,demo-3-pl,11,0
18149,ngr1412d,demo-3-pl,14,1
18150,ngr1412e,demo-3-pl,0,1
18150,ngr1412e,demo-3-pl,2,2001
18150,ngr1412e,demo-3-pl,3,0
18150,ngr1412e,demo-3-pl,4,4
18150,ngr1412e,demo-3-pl,6,1
18150,ngr1412e,demo-3-pl,7,3
18150,ngr1412e,demo-3-pl,8,2
18150,ngr1412e,demo-3-pl,9,0
18150,ngr1412e,demo-3-pl,10,3
18150,ngr1412e,demo-3-pl,11,1
18150,ngr1412e,demo-3-pl,12,1
18150,ngr1412e,demo-3-pl,13,7
18150,ngr1412e,demo-3-pl,14,0
18151,ngr1412g,demo-3-pl,0,0
18151,ngr1412g,demo-3-pl,2,1998
18151,ngr1412g,demo-3-pl,3,0
18151,ngr1412g,demo-3-pl,4,6
18151,ngr1412g,demo-3-pl,6,3
18151,ngr1412g,demo-3-pl,7,2
18151,ngr1412g,demo-3-pl,8,3
18151,ngr1412g,demo-3-pl,9,0
18151,ngr1412g,demo-3-pl,10,1
18151,ngr1412g,demo-3-pl,11,1
18151,ngr1412g,demo-3-pl,12,1
18151,ngr1412g,demo-3-pl,13,2
18151,ngr1412g,demo-3-pl,14,1
18152,ngr1412h,demo-3-pl,0,0
18152,ngr1412h,demo-3-pl,2,1998
18152,ngr1412h,demo-3-pl,3,0
18152,ngr1412h,demo-3-pl,4,4
18152,ngr1412h,demo-3-pl,6,1
18152,ngr1412h,demo-3-pl,7,2
18152,ngr1412h,demo-3-pl,8,4
18152,ngr1412h,demo-3-pl,9,0
18152,ngr1412h,demo-3-pl,10,2
18152,ngr1412h,demo-3-pl,11,0
18152,ngr1412h,demo-3-pl,14,1
18153,ngr1412i,demo-3-pl,0,1
18153,ngr1412i,demo-3-pl,2,2000
18153,ngr1412i,demo-3-pl,3,0
18153,ngr1412i,demo-3-pl,4,4
18153,ngr1412i,demo-3-pl,6,2
18153,ngr1412i,demo-3-pl,7,3
18153,ngr1412i,demo-3-pl,8,3
18153,ngr1412i,demo-3-pl,9,0
18153,ngr1412i,demo-3-pl,10,0
18153,ngr1412i,demo-3-pl,11,0
18153,ngr1412i,demo-3-pl,14,1
18154,ngr1512a,demo-3-pl,0,1
18154,ngr1512a,demo-3-pl,2,2002
18154,ngr1512a,demo-3-pl,3,1
18154,ngr1512a,demo-3-pl,4,4
18154,ngr1512a,demo-3-pl,6,3
18154,ngr1512a,demo-3-pl,7,4
18154,ngr1512a,demo-3-pl,8,4
18154,ngr1512a,demo-3-pl,9,0
18154,ngr1512a,demo-3-pl,10,3
18154,ngr1512a,demo-3-pl,11,0
18154,ngr1512a,demo-3-pl,14,1
18155,ngr1512b,demo-3-pl,0,0
18155,ngr1512b,demo-3-pl,2,2001
18155,ngr1512b,demo-3-pl,3,3
18155,ngr1512b,demo-3-pl,4,4
18155,ngr1512b,demo-3-pl,6,1
18155,ngr1512b,demo-3-pl,7,3
18155,ngr1512b,demo-3-pl,8,3
18155,ngr1512b,demo-3-pl,9,0
18155,ngr1512b,demo-3-pl,10,1
18155,ngr1512b,demo-3-pl,11,0
18155,ngr1512b,demo-3-pl,14,1
18156,ngr1512c,demo-3-pl,0,1
18156,ngr1512c,demo-3-pl,2,2001
18156,ngr1512c,demo-3-pl,3,0
18156,ngr1512c,demo-3-pl,4,4
18156,ngr1512c,demo-3-pl,6,3
18156,ngr1512c,demo-3-pl,7,2
18156,ngr1512c,demo-3-pl,8,4
18156,ngr1512c,demo-3-pl,9,0
18156,ngr1512c,demo-3-pl,10,1
18156,ngr1512c,demo-3-pl,11,1
18156,ngr1512c,demo-3-pl,12,1
18156,ngr1512c,demo-3-pl,13,4
18156,ngr1512c,demo-3-pl,14,0
18157,ngr1512d,demo-3-pl,0,1
18157,ngr1512d,demo-3-pl,2,1998
18157,ngr1512d,demo-3-pl,3,0
18157,ngr1512d,demo-3-pl,4,6
18157,ngr1512d,demo-3-pl,6,2
18157,ngr1512d,demo-3-pl,7,1
18157,ngr1512d,demo-3-pl,8,3
18157,ngr1512d,demo-3-pl,9,1
18157,ngr1512d,demo-3-pl,10,1
18157,ngr1512d,demo-3-pl,11,1
18157,ngr1512d,demo-3-pl,12,1
18157,ngr1512d,demo-3-pl,13,0
18157,ngr1512d,demo-3-pl,14,1
18158,ngr1512e,demo-3-pl,0,0
18158,ngr1512e,demo-3-pl,2,2002
18158,ngr1512e,demo-3-pl,3,0
18158,ngr1512e,demo-3-pl,4,4
18158,ngr1512e,demo-3-pl,6,2
18158,ngr1512e,demo-3-pl,7,1
18158,ngr1512e,demo-3-pl,8,4
18158,ngr1512e,demo-3-pl,9,0
18158,ngr1512e,demo-3-pl,10,0
18158,ngr1512e,demo-3-pl,11,1
18158,ngr1512e,demo-3-pl,12,1
18158,ngr1512e,demo-3-pl,13,0
18158,ngr1512e,demo-3-pl,14,1
18159,ngr1512f,demo-3-pl,0,1
18159,ngr1512f,demo-3-pl,2,2000
18159,ngr1512f,demo-3-pl,3,0
18159,ngr1512f,demo-3-pl,4,4
18159,ngr1512f,demo-3-pl,6,3
18159,ngr1512f,demo-3-pl,7,2
18159,ngr1512f,demo-3-pl,8,4
18159,ngr1512f,demo-3-pl,9,0
18159,ngr1512f,demo-3-pl,10,1
18159,ngr1512f,demo-3-pl,11,0
18159,ngr1512f,demo-3-pl,14,1
18160,ngr1512g,demo-3-pl,0,1
18160,ngr1512g,demo-3-pl,2,2003
18160,ngr1512g,demo-3-pl,3,2
18160,ngr1512g,demo-3-pl,4,4
18160,ngr1512g,demo-3-pl,6,3
18160,ngr1512g,demo-3-pl,7,2
18160,ngr1512g,demo-3-pl,8,3
18160,ngr1512g,demo-3-pl,9,0
18160,ngr1512g,demo-3-pl,10,2
18160,ngr1512g,demo-3-pl,11,1
18160,ngr1512g,demo-3-pl,12,1
18160,ngr1512g,demo-3-pl,13,2
18160,ngr1512g,demo-3-pl,14,1
18161,ngr1512h,demo-3-pl,0,0
18161,ngr1512h,demo-3-pl,2,1999
18161,ngr1512h,demo-3-pl,3,0
18161,ngr1512h,demo-3-pl,4,4
18161,ngr1512h,demo-3-pl,6,3
18161,ngr1512h,demo-3-pl,7,3
18161,ngr1512h,demo-3-pl,8,4
18161,ngr1512h,demo-3-pl,9,0
18161,ngr1512h,demo-3-pl,10,2
18161,ngr1512h,demo-3-pl,11,1
18161,ngr1512h,demo-3-pl,12,1
18161,ngr1512h,demo-3-pl,13,0
18161,ngr1512h,demo-3-pl,14,0
18162,ngr1512i,demo-3-pl,0,1
18162,ngr1512i,demo-3-pl,2,2001
18162,ngr1512i,demo-3-pl,3,0
18162,ngr1512i,demo-3-pl,4,4
18162,ngr1512i,demo-3-pl,6,3
18162,ngr1512i,demo-3-pl,7,1
18162,ngr1512i,demo-3-pl,8,4
18162,ngr1512i,demo-3-pl,9,0
18162,ngr1512i,demo-3-pl,10,2
18162,ngr1512i,demo-3-pl,11,1
18162,ngr1512i,demo-3-pl,12,1
18162,ngr1512i,demo-3-pl,13,3
18162,ngr1512i,demo-3-pl,14,1
18163,ngr1612b,demo-3-pl,0,1
18163,ngr1612b,demo-3-pl,2,2001
18163,ngr1612b,demo-3-pl,3,1
18163,ngr1612b,demo-3-pl,4,5
18163,ngr1612b,demo-3-pl,6,2
18163,ngr1612b,demo-3-pl,7,2
18163,ngr1612b,demo-3-pl,8,4
18163,ngr1612b,demo-3-pl,9,1
18163,ngr1612b,demo-3-pl,10,1
18163,ngr1612b,demo-3-pl,11,0
18163,ngr1612b,demo-3-pl,14,1
18164,ngr1612c,demo-3-pl,0,0
18164,ngr1612c,demo-3-pl,2,2001
18164,ngr1612c,demo-3-pl,3,1
18164,ngr1612c,demo-3-pl,4,4
18164,ngr1612c,demo-3-pl,6,2
18164,ngr1612c,demo-3-pl,7,1
18164,ngr1612c,demo-3-pl,8,3
18164,ngr1612c,demo-3-pl,9,0
18164,ngr1612c,demo-3-pl,10,1
18164,ngr1612c,demo-3-pl,11,0
18164,ngr1612c,demo-3-pl,14,1
18165,ngr1612e,demo-3-pl,0,1
18165,ngr1612e,demo-3-pl,2,2003
18165,ngr1612e,demo-3-pl,3,0
18165,ngr1612e,demo-3-pl,4,4
18165,ngr1612e,demo-3-pl,6,2
18165,ngr1612e,demo-3-pl,7,2
18165,ngr1612e,demo-3-pl,8,3
18165,ngr1612e,demo-3-pl,9,1
18165,ngr1612e,demo-3-pl,10,2
18165,ngr1612e,demo-3-pl,11,0
18165,ngr1612e,demo-3-pl,14,0
18166,ngr1612f,demo-3-pl,0,0
18166,ngr1612f,demo-3-pl,2,2001
18166,ngr1612f,demo-3-pl,3,0
18166,ngr1612f,demo-3-pl,4,4
18166,ngr1612f,demo-3-pl,6,2
18166,ngr1612f,demo-3-pl,7,2
18166,ngr1612f,demo-3-pl,8,4
18166,ngr1612f,demo-3-pl,9,0
18166,ngr1612f,demo-3-pl,10,2
18166,ngr1612f,demo-3-pl,11,1
18166,ngr1612f,demo-3-pl,12,1
18166,ngr1612f,demo-3-pl,13,3
18166,ngr1612f,demo-3-pl,14,1
18167,ngr1612g,demo-3-pl,0,0
18167,ngr1612g,demo-3-pl,2,1999
18167,ngr1612g,demo-3-pl,3,0
18167,ngr1612g,demo-3-pl,4,5
18167,ngr1612g,demo-3-pl,6,3
18167,ngr1612g,demo-3-pl,7,1
18167,ngr1612g,demo-3-pl,8,4
18167,ngr1612g,demo-3-pl,9,0
18167,ngr1612g,demo-3-pl,10,2
18167,ngr1612g,demo-3-pl,11,1
18167,ngr1612g,demo-3-pl,12,1
18167,ngr1612g,demo-3-pl,13,3
18167,ngr1612g,demo-3-pl,14,0
18168,ngr1612h,demo-3-pl,0,0
18168,ngr1612h,demo-3-pl,2,2003
18168,ngr1612h,demo-3-pl,3,0
18168,ngr1612h,demo-3-pl,4,4
18168,ngr1612h,demo-3-pl,6,3
18168,ngr1612h,demo-3-pl,7,1
18168,ngr1612h,demo-3-pl,8,4
18168,ngr1612h,demo-3-pl,9,1
18168,ngr1612h,demo-3-pl,10,1
18168,ngr1612h,demo-3-pl,11,1
18168,ngr1612h,demo-3-pl,12,1
18168,ngr1612h,demo-3-pl,13,3
18168,ngr1612h,demo-3-pl,14,1
18169,ngr1612i,demo-3-pl,0,0
18169,ngr1612i,demo-3-pl,2,2002
18169,ngr1612i,demo-3-pl,3,1
18169,ngr1612i,demo-3-pl,4,4
18169,ngr1612i,demo-3-pl,6,2
18169,ngr1612i,demo-3-pl,7,1
18169,ngr1612i,demo-3-pl,8,4
18169,ngr1612i,demo-3-pl,9,1
18169,ngr1612i,demo-3-pl,10,1
18169,ngr1612i,demo-3-pl,11,0
18169,ngr1612i,demo-3-pl,14,0
18170,ngr1712c,demo-3-pl,0,1
18170,ngr1712c,demo-3-pl,2,1998
18170,ngr1712c,demo-3-pl,3,0
18170,ngr1712c,demo-3-pl,4,6
18170,ngr1712c,demo-3-pl,6,2
18170,ngr1712c,demo-3-pl,7,1
18170,ngr1712c,demo-3-pl,8,4
18170,ngr1712c,demo-3-pl,9,1
18170,ngr1712c,demo-3-pl,10,2
18170,ngr1712c,demo-3-pl,11,1
18170,ngr1712c,demo-3-pl,12,1
18170,ngr1712c,demo-3-pl,13,6
18170,ngr1712c,demo-3-pl,14,0
18171,ngr1712d,demo-3-pl,0,1
18171,ngr1712d,demo-3-pl,2,2001
18171,ngr1712d,demo-3-pl,3,0
18171,ngr1712d,demo-3-pl,4,4
18171,ngr1712d,demo-3-pl,6,3
18171,ngr1712d,demo-3-pl,7,2
18171,ngr1712d,demo-3-pl,8,4
18171,ngr1712d,demo-3-pl,9,0
18171,ngr1712d,demo-3-pl,10,2
18171,ngr1712d,demo-3-pl,11,0
18171,ngr1712d,demo-3-pl,14,1
18172,ngr1712e,demo-3-pl,0,0
18172,ngr1712e,demo-3-pl,2,1998
18172,ngr1712e,demo-3-pl,3,2
18172,ngr1712e,demo-3-pl,4,6
18172,ngr1712e,demo-3-pl,6,2
18172,ngr1712e,demo-3-pl,7,1
18172,ngr1712e,demo-3-pl,8,4
18172,ngr1712e,demo-3-pl,9,0
18172,ngr1712e,demo-3-pl,10,3
18172,ngr1712e,demo-3-pl,11,1
18172,ngr1712e,demo-3-pl,12,1
18172,ngr1712e,demo-3-pl,13,7
18172,ngr1712e,demo-3-pl,14,1
18173,ngr1712f,demo-3-pl,0,1
18173,ngr1712f,demo-3-pl,2,2003
18173,ngr1712f,demo-3-pl,3,0
18173,ngr1712f,demo-3-pl,4,4
18173,ngr1712f,demo-3-pl,6,0
18173,ngr1712f,demo-3-pl,7,5
18173,ngr1712f,demo-3-pl,8,3
18173,ngr1712f,demo-3-pl,9,0
18173,ngr1712f,demo-3-pl,10,2
18173,ngr1712f,demo-3-pl,11,1
18173,ngr1712f,demo-3-pl,12,0
18173,ngr1712f,demo-3-pl,14,0
18174,ngr1712g,demo-3-pl,0,1
18174,ngr1712g,demo-3-pl,2,2002
18174,ngr1712g,demo-3-pl,3,0
18174,ngr1712g,demo-3-pl,4,4
18174,ngr1712g,demo-3-pl,6,2
18174,ngr1712g,demo-3-pl,7,1
18174,ngr1712g,demo-3-pl,8,3
18174,ngr1712g,demo-3-pl,9,0
18174,ngr1712g,demo-3-pl,10,1
18174,ngr1712g,demo-3-pl,11,1
18174,ngr1712g,demo-3-pl,12,1
18174,ngr1712g,demo-3-pl,13,2
18174,ngr1712g,demo-3-pl,14,1
18175,ngr1712h,demo-3-pl,0,1
18175,ngr1712h,demo-3-pl,2,1999
18175,ngr1712h,demo-3-pl,3,0
18175,ngr1712h,demo-3-pl,4,4
18175,ngr1712h,demo-3-pl,6,2
18175,ngr1712h,demo-3-pl,7,3
18175,ngr1712h,demo-3-pl,8,5
18175,ngr1712h,demo-3-pl,9,1
18175,ngr1712h,demo-3-pl,10,2
18175,ngr1712h,demo-3-pl,11,1
18175,ngr1712h,demo-3-pl,12,1
18175,ngr1712h,demo-3-pl,13,10
18175,ngr1712h,demo-3-pl,14,0
18176,ngr1712i,demo-3-pl,0,1
18176,ngr1712i,demo-3-pl,2,1998
18176,ngr1712i,demo-3-pl,3,0
18176,ngr1712i,demo-3-pl,4,4
18176,ngr1712i,demo-3-pl,6,3
18176,ngr1712i,demo-3-pl,7,3
18176,ngr1712i,demo-3-pl,8,4
18176,ngr1712i,demo-3-pl,9,1
18176,ngr1712i,demo-3-pl,10,1
18176,ngr1712i,demo-3-pl,11,1
18176,ngr1712i,demo-3-pl,12,1
18176,ngr1712i,demo-3-pl,13,3
18176,ngr1712i,demo-3-pl,14,1
18177,ngr1812a,demo-3-pl,0,1
18177,ngr1812a,demo-3-pl,2,2000
18177,ngr1812a,demo-3-pl,3,0
18177,ngr1812a,demo-3-pl,4,4
18177,ngr1812a,demo-3-pl,6,2
18177,ngr1812a,demo-3-pl,7,2
18177,ngr1812a,demo-3-pl,8,3
18177,ngr1812a,demo-3-pl,9,0
18177,ngr1812a,demo-3-pl,10,2
18177,ngr1812a,demo-3-pl,11,0
18177,ngr1812a,demo-3-pl,14,1
18178,ngr1812b,demo-3-pl,0,1
18178,ngr1812b,demo-3-pl,2,2001
18178,ngr1812b,demo-3-pl,3,0
18178,ngr1812b,demo-3-pl,4,4
18178,ngr1812b,demo-3-pl,6,2
18178,ngr1812b,demo-3-pl,7,1
18178,ngr1812b,demo-3-pl,8,3
18178,ngr1812b,demo-3-pl,9,0
18178,ngr1812b,demo-3-pl,10,1
18178,ngr1812b,demo-3-pl,11,1
18178,ngr1812b,demo-3-pl,12,1
18178,ngr1812b,demo-3-pl,13,7
18178,ngr1812b,demo-3-pl,14,0
18179,ngr1812c,demo-3-pl,0,0
18179,ngr1812c,demo-3-pl,2,1998
18179,ngr1812c,demo-3-pl,3,0
18179,ngr1812c,demo-3-pl,4,5
18179,ngr1812c,demo-3-pl,6,2
18179,ngr1812c,demo-3-pl,7,2
18179,ngr1812c,demo-3-pl,8,3
18179,ngr1812c,demo-3-pl,9,0
18179,ngr1812c,demo-3-pl,10,1
18179,ngr1812c,demo-3-pl,11,1
18179,ngr1812c,demo-3-pl,12,1
18179,ngr1812c,demo-3-pl,13,3
18179,ngr1812c,demo-3-pl,14,1
18180,ngr1812d,demo-3-pl,0,0
18180,ngr1812d,demo-3-pl,2,2002
18180,ngr1812d,demo-3-pl,3,0
18180,ngr1812d,demo-3-pl,4,4
18180,ngr1812d,demo-3-pl,6,2
18180,ngr1812d,demo-3-pl,7,2
18180,ngr1812d,demo-3-pl,8,3
18180,ngr1812d,demo-3-pl,9,0
18180,ngr1812d,demo-3-pl,10,1
18180,ngr1812d,demo-3-pl,11,1
18180,ngr1812d,demo-3-pl,12,1
18180,ngr1812d,demo-3-pl,13,0
18180,ngr1812d,demo-3-pl,14,1
18181,ngr1812e,demo-3-pl,0,1
18181,ngr1812e,demo-3-pl,2,2000
18181,ngr1812e,demo-3-pl,3,1
18181,ngr1812e,demo-3-pl,4,4
18181,ngr1812e,demo-3-pl,6,3
18181,ngr1812e,demo-3-pl,7,4
18181,ngr1812e,demo-3-pl,8,4
18181,ngr1812e,demo-3-pl,9,0
18181,ngr1812e,demo-3-pl,10,2
18181,ngr1812e,demo-3-pl,11,1
18181,ngr1812e,demo-3-pl,12,1
18181,ngr1812e,demo-3-pl,13,5
18181,ngr1812e,demo-3-pl,14,2
18182,ngr1812h,demo-3-pl,0,1
18182,ngr1812h,demo-3-pl,2,2000
18182,ngr1812h,demo-3-pl,3,0
18182,ngr1812h,demo-3-pl,4,4
18182,ngr1812h,demo-3-pl,6,2
18182,ngr1812h,demo-3-pl,7,1
18182,ngr1812h,demo-3-pl,8,3
18182,ngr1812h,demo-3-pl,9,0
18182,ngr1812h,demo-3-pl,10,0
18182,ngr1812h,demo-3-pl,11,0
18182,ngr1812h,demo-3-pl,14,1
18183,ngr1812i,demo-3-pl,0,1
18183,ngr1812i,demo-3-pl,2,2003
18183,ngr1812i,demo-3-pl,3,0
18183,ngr1812i,demo-3-pl,4,4
18183,ngr1812i,demo-3-pl,6,3
18183,ngr1812i,demo-3-pl,7,1
18183,ngr1812i,demo-3-pl,8,3
18183,ngr1812i,demo-3-pl,9,1
18183,ngr1812i,demo-3-pl,10,1
18183,ngr1812i,demo-3-pl,11,1
18183,ngr1812i,demo-3-pl,12,1
18183,ngr1812i,demo-3-pl,13,1
18183,ngr1812i,demo-3-pl,14,1
18184,ngr1912a,demo-3-pl,0,1
18184,ngr1912a,demo-3-pl,2,1999
18184,ngr1912a,demo-3-pl,3,0
18184,ngr1912a,demo-3-pl,4,4
18184,ngr1912a,demo-3-pl,6,1
18184,ngr1912a,demo-3-pl,7,2
18184,ngr1912a,demo-3-pl,8,3
18184,ngr1912a,demo-3-pl,9,0
18184,ngr1912a,demo-3-pl,10,3
18184,ngr1912a,demo-3-pl,11,1
18184,ngr1912a,demo-3-pl,12,1
18184,ngr1912a,demo-3-pl,13,8
18184,ngr1912a,demo-3-pl,14,1
18185,ngr1912d,demo-3-pl,0,0
18185,ngr1912d,demo-3-pl,2,2002
18185,ngr1912d,demo-3-pl,3,0
18185,ngr1912d,demo-3-pl,4,4
18185,ngr1912d,demo-3-pl,6,2
18185,ngr1912d,demo-3-pl,7,2
18185,ngr1912d,demo-3-pl,8,4
18185,ngr1912d,demo-3-pl,9,1
18185,ngr1912d,demo-3-pl,10,1
18185,ngr1912d,demo-3-pl,11,1
18185,ngr1912d,demo-3-pl,12,1
18185,ngr1912d,demo-3-pl,13,1
18185,ngr1912d,demo-3-pl,14,1
18186,ngr1912g,demo-3-pl,0,0
18186,ngr1912g,demo-3-pl,2,2002
18186,ngr1912g,demo-3-pl,3,0
18186,ngr1912g,demo-3-pl,4,4
18186,ngr1912g,demo-3-pl,6,1
18186,ngr1912g,demo-3-pl,7,1
18186,ngr1912g,demo-3-pl,8,3
18186,ngr1912g,demo-3-pl,9,1
18186,ngr1912g,demo-3-pl,10,1
18186,ngr1912g,demo-3-pl,11,0
18186,ngr1912g,demo-3-pl,14,1
18189,ngr2012d,demo-3-pl,0,0
18189,ngr2012d,demo-3-pl,2,1998
18189,ngr2012d,demo-3-pl,3,0
18189,ngr2012d,demo-3-pl,4,4
18189,ngr2012d,demo-3-pl,6,0
18189,ngr2012d,demo-3-pl,7,5
18189,ngr2012d,demo-3-pl,8,5
18189,ngr2012d,demo-3-pl,9,1
18189,ngr2012d,demo-3-pl,10,0
18189,ngr2012d,demo-3-pl,11,1
18189,ngr2012d,demo-3-pl,12,1
18189,ngr2012d,demo-3-pl,13,5
18189,ngr2012d,demo-3-pl,14,1
18194,ngr2012e,demo-3-pl,0,1
18194,ngr2012e,demo-3-pl,2,2000
18194,ngr2012e,demo-3-pl,3,0
18194,ngr2012e,demo-3-pl,4,4
18194,ngr2012e,demo-3-pl,6,3
18194,ngr2012e,demo-3-pl,7,2
18194,ngr2012e,demo-3-pl,8,4
18194,ngr2012e,demo-3-pl,9,0
18194,ngr2012e,demo-3-pl,10,0
18194,ngr2012e,demo-3-pl,11,1
18194,ngr2012e,demo-3-pl,12,1
18194,ngr2012e,demo-3-pl,13,3
18194,ngr2012e,demo-3-pl,14,1
18197,ngr2012f,demo-3-pl,0,1
18197,ngr2012f,demo-3-pl,2,1998
18197,ngr2012f,demo-3-pl,3,0
18197,ngr2012f,demo-3-pl,4,6
18197,ngr2012f,demo-3-pl,6,2
18197,ngr2012f,demo-3-pl,7,2
18197,ngr2012f,demo-3-pl,8,3
18197,ngr2012f,demo-3-pl,9,0
18197,ngr2012f,demo-3-pl,10,1
18197,ngr2012f,demo-3-pl,11,1
18197,ngr2012f,demo-3-pl,12,1
18197,ngr2012f,demo-3-pl,13,7
18197,ngr2012f,demo-3-pl,14,1
18198,ngr2012h,demo-3-pl,0,1
18198,ngr2012h,demo-3-pl,2,1999
18198,ngr2012h,demo-3-pl,3,0
18198,ngr2012h,demo-3-pl,4,5
18198,ngr2012h,demo-3-pl,6,3
18198,ngr2012h,demo-3-pl,7,1
18198,ngr2012h,demo-3-pl,8,4
18198,ngr2012h,demo-3-pl,9,0
18198,ngr2012h,demo-3-pl,10,0
18198,ngr2012h,demo-3-pl,11,1
18198,ngr2012h,demo-3-pl,12,1
18198,ngr2012h,demo-3-pl,13,1
18198,ngr2012h,demo-3-pl,14,0
18200,ngr2012i,demo-3-pl,0,1
18200,ngr2012i,demo-3-pl,2,2000
18200,ngr2012i,demo-3-pl,3,0
18200,ngr2012i,demo-3-pl,4,4
18200,ngr2012i,demo-3-pl,6,2
18200,ngr2012i,demo-3-pl,7,2
18200,ngr2012i,demo-3-pl,8,4
18200,ngr2012i,demo-3-pl,9,1
18200,ngr2012i,demo-3-pl,10,1
18200,ngr2012i,demo-3-pl,11,0
18200,ngr2012i,demo-3-pl,14,1
18202,ngr2112b,demo-3-pl,0,0
18202,ngr2112b,demo-3-pl,2,1998
18202,ngr2112b,demo-3-pl,3,0
18202,ngr2112b,demo-3-pl,4,5
18202,ngr2112b,demo-3-pl,6,2
18202,ngr2112b,demo-3-pl,7,2
18202,ngr2112b,demo-3-pl,8,4
18202,ngr2112b,demo-3-pl,9,0
18202,ngr2112b,demo-3-pl,10,1
18202,ngr2112b,demo-3-pl,11,1
18202,ngr2112b,demo-3-pl,12,1
18202,ngr2112b,demo-3-pl,13,2
18202,ngr2112b,demo-3-pl,14,1
18203,ngr2112c,demo-3-pl,0,1
18203,ngr2112c,demo-3-pl,2,2004
18203,ngr2112c,demo-3-pl,3,2
18203,ngr2112c,demo-3-pl,4,4
18203,ngr2112c,demo-3-pl,6,3
18203,ngr2112c,demo-3-pl,7,1
18203,ngr2112c,demo-3-pl,8,3
18203,ngr2112c,demo-3-pl,9,1
18203,ngr2112c,demo-3-pl,10,1
18203,ngr2112c,demo-3-pl,11,1
18203,ngr2112c,demo-3-pl,12,1
18203,ngr2112c,demo-3-pl,13,1
18203,ngr2112c,demo-3-pl,14,0
